rowId,flowStint,gameId,stint,competitionId,updated,teamId,teamMarket,teamName,conferenceId,divisionId,isExhib,inDivision,lineupId,periodNumber,gameFlowPeriod,sStart,sEnd,cStart,cEnd,secs,ptsScored,ptsAgst,netPts,fgm,fga,fgm2,fga2,fgm3,fga3,ftm,fta,ast,stl,tov,drb,orb,fgmAgst,fgaAgst,fgm2Agst,fga2Agst,fgm3Agst,fga3Agst,ftaAgst,astAgst,tovAgst,stlAgst,drbAgst,orbAgst,cDiff,reb,rebAgst,fg2Pct,fg3Pct,ftPct,oPoss,dPoss,avgPoss,oppp,dppp,netppp,isQualified
2168345-105491-1,1,2168345,3,33535,2022-11-20 22:26:08.000000 UTC,105491,South Carolina,Gamecocks,89,1,false,true,1321390-951661-1321392-957639-1321388,1,1,0.0,244.0,10:00,05:56,244.0,6,7,-1,3,7,3,6,0,1,0,0,1,0,1,2,1,3,5,2,4,1,1,0,1,2,0,3,0,04:04,3,3,0.5,0.0,,6.93,7.0,6.965,0.8658,1.0,-0.1342,true
2168345-105491-2,2,2168345,4,33535,2022-11-20 22:26:08.000000 UTC,105491,South Carolina,Gamecocks,89,1,false,true,1689294-1321390-1321392-1321388-1615279,1,1,244.0,304.0,05:56,04:56,60.0,0,0,0,0,2,0,2,0,0,0,0,0,0,0,2,0,0,2,0,2,0,0,0,0,0,0,2,0,01:00,2,2,0.0,,,2.0,2.0,2.0,0.0,0.0,0.0,false
2168345-105491-3,3,2168345,5,33535,2022-11-20 22:26:08.000000 UTC,105491,South Carolina,Gamecocks,89,1,false,true,1689294-1321390-1321392-1321394-1615279,1,1,304.0,433.0,04:56,02:47,129.0,3,9,-6,1,3,0,2,1,1,0,0,1,0,1,0,1,4,5,3,4,1,1,0,3,0,1,1,1,02:09,1,2,0.0,1.0,,2.9299999999999997,3.9299999999999997,3.43,1.0239,2.2901,-1.2662,true
2168345-105491-4,4,2168345,6,33535,2022-11-20 22:26:08.000000 UTC,105491,South Carolina,Gamecocks,89,1,false,true,1689294-1321390-1321392-1321394-1321388,1,1,433.0,460.0,02:47,02:20,27.0,0,3,-3,0,1,0,0,0,1,0,0,0,0,1,0,0,1,1,1,1,0,0,1,0,0,0,1,0,00:27,0,1,,0.0,,2.0,1.4,1.7,0.0,2.1429,-2.1429,false
2168345-105491-5,5,2168345,7,33535,2022-11-20 22:26:08.000000 UTC,105491,South Carolina,Gamecocks,89,1,false,true,1689294-1321390-1321392-957639-1321394,1,1,460.0,600.0,02:20,00:00,140.0,2,2,0,1,4,1,3,0,1,0,0,0,1,0,0,0,1,1,1,1,0,0,0,1,3,0,3,0,02:20,0,3,0.3333,0.0,,4.0,4.0,4.0,0.5,0.5,0.0,true
2168345-105491-6,6,2168345,8,33535,2022-11-20 22:26:08.000000 UTC,105491,South Carolina,Gamecocks,89,1,false,true,1321390-951661-1321392-957639-1913006,2,2,600.0,647.0,10:00,09:13,47.0,0,0,0,0,1,0,1,0,0,0,0,0,0,1,1,0,0,1,0,1,0,0,0,0,0,0,1,0,00:47,1,1,0.0,,,2.0,1.0,1.5,0.0,0.0,0.0,false
2168345-105491-7,7,2168345,9,33535,2022-11-20 22:26:08.000000 UTC,105491,South Carolina,Gamecocks,89,1,false,true,951661-1689293-1321392-957639-1913006,2,2,647.0,772.0,09:13,07:08,125.0,4,2,2,1,4,1,3,0,1,2,2,0,1,0,1,1,1,3,1,3,0,0,0,1,2,0,2,1,02:05,2,3,0.3333,0.0,1.0,3.7299999999999995,3.9299999999999997,3.83,1.0724,0.5089,0.5635,true
2168345-105491-8,8,2168345,10,33535,2022-11-20 22:26:08.000000 UTC,105491,South Carolina,Gamecocks,89,1,false,true,951661-1689293-957639-1913006-1321394,2,2,772.0,833.0,07:08,06:07,61.0,2,2,0,1,3,1,3,0,0,0,0,0,0,0,0,1,1,1,1,1,0,0,0,1,1,0,1,0,01:01,1,1,0.3333,,,1.93,2.0,1.965,1.0363,1.0,0.0363,false
2168345-105491-9,9,2168345,11,33535,2022-11-20 22:26:08.000000 UTC,105491,South Carolina,Gamecocks,89,1,false,true,1689294-1689293-957639-1689291-1321394,2,2,833.0,914.0,06:07,04:46,81.0,0,2,-2,0,1,0,0,0,1,0,0,0,0,1,0,0,1,1,1,1,0,0,0,0,1,0,1,0,01:21,0,1,,0.0,,2.0,2.0,2.0,0.0,1.0,-1.0,false
2168345-105491-10,10,2168345,12,33535,2022-11-20 22:26:08.000000 UTC,105491,South Carolina,Gamecocks,89,1,false,true,1321386-1689294-1689293-1689291-1321394,2,2,914.0,1129.0,04:46,01:11,215.0,13,7,6,5,8,4,7,1,1,2,2,1,0,0,3,3,3,7,2,5,1,2,1,2,1,0,0,2,03:35,6,2,0.5714,1.0,1.0,5.5900000000000007,6.6880000000000006,6.139,2.3256,1.0467,1.2789,true
2168345-105491-11,11,2168345,13,33535,2022-11-20 22:26:08.000000 UTC,105491,South Carolina,Gamecocks,89,1,false,true,1321386-1689294-1321392-1321394-1615279,2,2,1129.0,1144.2,01:11,00:55,15.2,0,1,-1,0,0,0,0,0,0,0,0,0,0,0,1,0,0,0,0,0,0,0,2,0,0,0,0,0,00:15,1,0,,,,0.0,0.8,0.4,,1.25,,false
2168345-105491-12,12,2168345,14,33535,2022-11-20 22:26:08.000000 UTC,105491,South Carolina,Gamecocks,89,1,false,true,1689294-1321390-1321392-1321394-1615279,2,2,1144.2,1200.0,00:55,00:00,55.79999999999999,1,0,1,0,1,0,1,0,0,1,2,0,1,0,0,0,0,1,0,0,0,1,0,0,1,0,2,1,00:56,0,3,0.0,,0.5,1.8,0.92999999999999994,1.365,0.5556,0.0,0.5556,false
2168345-105491-13,13,2168345,15,33535,2022-11-20 22:26:08.000000 UTC,105491,South Carolina,Gamecocks,89,1,false,true,1321390-951661-1321392-957639-1321388,3,3,1200.0,1411.0,10:00,06:29,211.0,6,10,-4,3,6,3,6,0,0,0,0,2,1,1,1,0,4,6,2,4,2,2,0,2,2,0,3,1,03:31,1,4,0.5,,,7.0,6.93,6.965,0.8571,1.443,-0.5859,true
2168345-105491-14,14,2168345,16,33535,2022-11-20 22:26:08.000000 UTC,105491,South Carolina,Gamecocks,89,1,false,true,1689294-1321390-1321392-957639-1321388,3,3,1411.0,1544.0,06:29,04:16,133.0,3,3,0,1,3,1,1,0,2,1,1,0,0,1,3,0,1,5,0,2,1,3,0,1,0,0,2,1,02:13,3,3,1.0,0.0,1.0,4.4,3.9299999999999997,4.165,0.6818,0.7634,-0.0815,true
2168345-105491-15,15,2168345,17,33535,2022-11-20 22:26:08.000000 UTC,105491,South Carolina,Gamecocks,89,1,false,true,1689294-1321390-1321392-1321388-1615279,3,3,1544.0,1740.0,04:16,01:00,196.0,4,4,0,1,3,1,3,0,0,2,4,0,0,0,2,0,2,6,2,5,0,1,0,0,1,0,2,2,03:16,2,4,0.3333,,0.5,4.6,4.8599999999999994,4.73,0.8696,0.823,0.0465,true
2168345-105491-16,16,2168345,18,33535,2022-11-20 22:26:08.000000 UTC,105491,South Carolina,Gamecocks,89,1,false,true,1689294-1321390-1689293-1321394-1615279,3,3,1740.0,1800.0,01:00,00:00,60.0,0,2,-2,0,1,0,1,0,0,0,0,0,0,0,1,0,1,2,1,1,0,1,0,0,0,0,1,0,01:00,1,1,0.0,,,1.0,2.0,1.5,0.0,1.0,-1.0,false
2168345-105491-17,17,2168345,19,33535,2022-11-20 22:26:08.000000 UTC,105491,South Carolina,Gamecocks,89,1,false,true,1321390-1689293-1321392-1321394-1321388,4,4,1800.0,2115.0,10:00,04:45,315.0,6,0,6,3,6,3,6,0,0,0,0,1,2,3,4,0,0,8,0,6,0,2,0,0,5,2,3,2,05:15,4,5,0.5,,,9.0,10.146666666666667,9.5733,0.6667,0.0,0.6667,true
2168345-105491-18,18,2168345,20,33535,2022-11-20 22:26:08.000000 UTC,105491,South Carolina,Gamecocks,89,1,false,true,1321386-1321390-1321392-1321394-1321388,4,4,2115.0,2148.0,04:45,04:12,33.0,0,0,0,0,1,0,0,0,1,0,0,0,0,0,1,0,0,1,0,1,0,0,0,0,0,0,1,0,00:33,1,1,,0.0,,1.0,1.0,1.0,0.0,0.0,0.0,false
2168345-105491-19,19,2168345,21,33535,2022-11-20 22:26:08.000000 UTC,105491,South Carolina,Gamecocks,89,1,false,true,1321390-1689293-1321392-1321394-1321388,4,4,2148.0,2276.0,04:12,02:04,128.0,4,6,-2,1,4,1,3,0,1,2,2,0,0,0,2,1,1,2,1,2,0,0,5,1,0,0,2,0,02:08,3,2,0.3333,0.0,1.0,3.7299999999999995,4.0,3.865,1.0724,1.5,-0.4276,true
2168345-105491-20,20,2168345,22,33535,2022-11-20 22:26:08.000000 UTC,105491,South Carolina,Gamecocks,89,1,false,true,1321386-1321390-1321392-1321394-1321388,4,4,2276.0,2385.1,02:04,00:14,109.10000000000001,5,0,5,2,6,1,2,1,4,0,0,1,0,0,1,3,0,1,0,0,0,1,0,0,1,0,1,0,01:49,4,1,0.5,0.25,,2.79,2.0,2.395,1.7921,0.0,1.7921,false
2168345-105491-21,21,2168345,23,33535,2022-11-20 22:26:08.000000 UTC,105491,South Carolina,Gamecocks,89,1,false,true,1321390-1689293-1321392-957639-1321394,4,4,2385.5,2387.5,00:14,00:12,2.0,0,0,0,0,0,0,0,0,0,0,0,0,0,0,0,0,0,0,0,0,0,0,0,0,0,0,0,0,00:02,0,0,,,,0.0,0.0,0.0,,,,false
2168345-105491-22,22,2168345,24,33535,2022-11-20 22:26:08.000000 UTC,105491,South Carolina,Gamecocks,89,1,false,true,1321390-1689293-1321392-1321394-1321388,4,4,2387.5,2394.0,00:12,00:06,6.5,0,1,-1,0,1,0,1,0,0,0,0,0,0,0,0,1,0,0,0,0,0,0,2,0,0,0,0,0,00:07,1,0,0.0,,,-0.070000000000000062,0.8,0.365,0.0,1.25,-1.25,false
2168345-105491-23,23,2168345,25,33535,2022-11-20 22:26:08.000000 UTC,105491,South Carolina,Gamecocks,89,1,false,true,1321390-1689293-1321392-1321388-1615279,4,4,2394.0,2397.9,00:06,00:02,3.9,2,0,2,1,1,1,1,0,0,0,0,0,0,0,0,0,0,0,0,0,0,0,0,0,0,0,0,0,00:04,0,0,1.0,,,1.0,0.0,0.5,2.0,,,false
2168345-105491-24,24,2168345,26,33535,2022-11-20 22:26:08.000000 UTC,105491,South Carolina,Gamecocks,89,1,false,true,1321390-1689293-1321392-1321394-1321388,4,4,2397.9,2400.0,00:02,00:00,2.1,0,0,0,0,0,0,0,0,0,0,0,0,0,0,0,0,0,0,0,0,0,0,0,0,0,0,0,0,00:02,0,0,,,,0.0,0.0,0.0,,,,false
2168345-105491-25,25,2168345,26,33535,2022-11-20 22:26:08.000000 UTC,105491,South Carolina,Gamecocks,89,1,false,true,1321390-1689293-1321392-1321394-1321388,1,5,2400.0,2671.2,05:00,00:28,271.19999999999993,12,8,4,4,6,2,4,2,2,2,2,2,0,0,2,1,3,7,3,5,0,2,2,2,0,0,1,2,04:31,3,3,0.5,1.0,1.0,5.7299999999999995,5.66,5.695,2.0942,1.4134,0.6808,true
2168345-105491-26,26,2168345,27,33535,2022-11-20 22:26:08.000000 UTC,105491,South Carolina,Gamecocks,89,1,false,true,1321390-1689293-1321392-957639-1321394,1,5,2671.2,2672.8,00:28,00:27,1.6,0,2,-2,0,0,0,0,0,0,0,2,0,0,0,0,1,0,0,0,0,0,0,2,0,0,0,0,0,00:02,1,0,,,0.0,0.8,0.8,0.8,0.0,2.5,-2.5,false
2168345-105491-27,27,2168345,28,33535,2022-11-20 22:26:08.000000 UTC,105491,South Carolina,Gamecocks,89,1,false,true,1321390-1689293-1321392-1321394-1615279,1,5,2672.8,2690.0,00:27,00:10,17.2,0,0,0,0,0,0,0,0,0,0,0,0,0,1,0,0,0,0,0,0,0,0,0,0,0,1,0,0,00:17,0,0,,,,1.0,0.0,0.5,0.0,,,false
2168345-105491-28,28,2168345,29,33535,2022-11-20 22:26:08.000000 UTC,105491,South Carolina,Gamecocks,89,1,false,true,1321390-1689293-1321392-957639-1321394,1,5,2690.0,2700.0,00:10,00:00,10.0,3,0,3,0,0,0,0,0,0,3,6,0,0,0,0,0,0,0,0,0,0,0,0,0,2,0,1,0,00:10,0,1,,,0.5,2.4000000000000004,2.0,2.2,1.25,0.0,1.25,false
2168345-105556-1,1,2168345,3,33535,2022-11-20 22:26:08.000000 UTC,105556,Stanford,Cardinal,74,1,false,true,1892469-1321481-1321480-1687908-1600149,1,1,0.0,244.0,10:00,05:56,244.0,7,6,1,3,5,2,4,1,1,0,0,1,0,2,3,0,3,7,3,6,0,1,0,1,1,0,2,1,04:04,3,3,0.5,1.0,,7.0,6.93,6.965,1.0,0.8658,0.1342,true
2168345-105556-2,2,2168345,4,33535,2022-11-20 22:26:08.000000 UTC,105556,Stanford,Cardinal,74,1,false,true,1892469-1321481-1321480-1600149-1321482,1,1,244.0,592.0,05:56,00:08,348.0,14,5,9,6,9,5,8,1,1,1,1,4,1,3,6,1,2,9,1,7,1,2,0,1,2,1,2,1,05:48,7,3,0.625,1.0,1.0,11.33,9.93,10.63,1.2357,0.5035,0.7321,true
2168345-105556-3,3,2168345,5,33535,2022-11-20 22:26:08.000000 UTC,105556,Stanford,Cardinal,74,1,false,true,1892469-1321481-1321480-1687908-1321482,1,1,592.0,600.0,00:08,00:00,8.0,0,0,0,0,0,0,0,0,0,0,0,0,0,0,1,0,0,1,0,0,0,1,0,0,0,0,0,0,00:08,1,0,,,,0.0,1.0,0.5,,0.0,,false
2168345-105556-4,4,2168345,6,33535,2022-11-20 22:26:08.000000 UTC,105556,Stanford,Cardinal,74,1,false,true,1892469-1321481-1321480-1687905-1687908,2,2,600.0,701.0,10:00,08:19,101.0,0,0,0,0,3,0,3,0,0,0,0,0,0,0,1,1,0,3,0,2,0,1,0,0,1,0,2,1,01:41,2,3,0.0,,,1.93,2.395,2.1625,0.0,0.0,0.0,false
2168345-105556-5,5,2168345,7,33535,2022-11-20 22:26:08.000000 UTC,105556,Stanford,Cardinal,74,1,false,true,1892469-1321481-1321480-1687905-1892478,2,2,701.0,702.0,08:19,08:18,1.0,0,0,0,0,0,0,0,0,0,0,0,0,0,0,1,0,0,0,0,0,0,0,0,0,0,0,0,0,00:01,1,0,,,,0.0,0.0,0.0,,,,false
2168345-105556-6,6,2168345,8,33535,2022-11-20 22:26:08.000000 UTC,105556,Stanford,Cardinal,74,1,false,true,1892469-1321481-1321480-1687905-1687908,2,2,702.0,703.0,08:18,08:17,1.0,0,0,0,0,0,0,0,0,0,0,0,0,0,1,0,0,0,0,0,0,0,0,0,0,0,0,0,0,00:01,0,0,,,,1.0,0.0,0.5,0.0,,,false
2168345-105556-7,7,2168345,9,33535,2022-11-20 22:26:08.000000 UTC,105556,Stanford,Cardinal,74,1,false,true,1892469-1321481-1321480-1687905-1892478,2,2,703.0,772.0,08:17,07:08,69.0,2,2,0,1,1,1,1,0,0,0,0,1,0,1,1,0,1,2,1,2,0,0,0,0,0,1,0,0,01:09,1,0,1.0,,,2.0,2.0,2.0,1.0,1.0,0.0,false
2168345-105556-8,8,2168345,10,33535,2022-11-20 22:26:08.000000 UTC,105556,Stanford,Cardinal,74,1,false,true,1892469-1321481-1321480-1600149-1892478,2,2,772.0,812.0,07:08,06:28,40.0,2,2,0,1,1,1,1,0,0,0,0,1,0,1,1,0,0,1,0,1,0,0,2,0,0,0,0,0,00:40,1,0,1.0,,,2.0,1.8,1.9,1.0,1.1111,-0.1111,false
2168345-105556-9,9,2168345,11,33535,2022-11-20 22:26:08.000000 UTC,105556,Stanford,Cardinal,74,1,false,true,1892469-1321481-1321480-1321482-1892478,2,2,812.0,833.0,06:28,06:07,21.0,0,2,-2,0,0,0,0,0,0,0,0,0,0,0,0,0,1,2,1,2,0,0,0,0,0,0,0,1,00:21,0,1,,,,0.0,0.92999999999999994,0.465,,2.1505,,false
2168345-105556-10,10,2168345,12,33535,2022-11-20 22:26:08.000000 UTC,105556,Stanford,Cardinal,74,1,false,true,1600147-1321481-1321480-1321482-1892478,2,2,833.0,914.0,06:07,04:46,81.0,2,0,2,1,1,1,1,0,0,0,0,0,0,1,1,0,0,1,0,0,0,1,0,0,1,0,0,0,01:21,1,0,1.0,,,2.0,2.0,2.0,1.0,0.0,1.0,false
2168345-105556-11,11,2168345,13,33535,2022-11-20 22:26:08.000000 UTC,105556,Stanford,Cardinal,74,1,false,true,1600147-1321481-1321480-1321477-1321482,2,2,914.0,1011.0,04:46,03:09,97.0,2,7,-5,1,4,1,3,0,1,0,0,0,0,1,0,1,2,4,1,3,1,1,2,1,0,0,2,2,01:37,1,4,0.3333,0.0,,3.9299999999999997,2.6599999999999997,3.295,0.5089,2.6316,-2.1227,true
2168345-105556-12,12,2168345,14,33535,2022-11-20 22:26:08.000000 UTC,105556,Stanford,Cardinal,74,1,false,true,1892469-1321481-1321480-1687908-1321482,2,2,1011.0,1200.0,03:09,00:00,189.0,6,7,-1,2,4,1,2,1,2,1,3,2,0,1,2,2,3,5,3,5,0,0,2,0,0,1,2,1,03:09,4,3,0.5,0.5,0.3333,5.13,5.086666666666666,5.1083,1.1696,1.3761,-0.2066,true
2168345-105556-13,13,2168345,15,33535,2022-11-20 22:26:08.000000 UTC,105556,Stanford,Cardinal,74,1,false,true,1892469-1321481-1321480-1687908-1600149,3,3,1200.0,1411.0,10:00,06:29,211.0,10,6,4,4,6,2,4,2,2,0,0,2,0,2,3,1,3,6,3,6,0,0,0,2,1,1,1,0,03:31,4,1,0.5,1.0,,6.93,7.0,6.965,1.443,0.8571,0.5859,true
2168345-105556-14,14,2168345,16,33535,2022-11-20 22:26:08.000000 UTC,105556,Stanford,Cardinal,74,1,false,true,1892469-1321481-1321480-1600149-1321482,3,3,1411.0,1446.0,06:29,05:54,35.0,0,2,-2,0,1,0,0,0,1,0,0,0,0,0,0,0,1,1,1,1,0,0,0,0,0,0,1,0,00:35,0,1,,0.0,,1.0,1.0,1.0,0.0,2.0,-2.0,false
2168345-105556-15,15,2168345,17,33535,2022-11-20 22:26:08.000000 UTC,105556,Stanford,Cardinal,74,1,false,true,1892469-1321481-1321480-1321477-1321482,3,3,1446.0,1740.0,05:54,01:00,294.0,7,5,2,3,10,2,7,1,3,0,0,1,0,1,4,3,1,5,1,3,0,2,5,0,1,0,4,0,04:54,7,4,0.2857,0.3333,,7.79,8.0,7.895,0.8986,0.625,0.2736,true
2168345-105556-16,16,2168345,18,33535,2022-11-20 22:26:08.000000 UTC,105556,Stanford,Cardinal,74,1,false,true,1892469-1321481-1321480-1687908-1321482,3,3,1740.0,1800.0,01:00,00:00,60.0,2,0,2,1,2,1,1,0,1,0,0,0,0,0,1,0,0,1,0,1,0,0,0,0,0,0,1,0,01:00,1,1,1.0,0.0,,2.0,1.0,1.5,1.0,0.0,1.0,false
2168345-105556-17,17,2168345,19,33535,2022-11-20 22:26:08.000000 UTC,105556,Stanford,Cardinal,74,1,false,true,1892469-1321481-1321480-1687908-1600149,4,4,1800.0,1848.0,10:00,09:12,48.0,0,2,-2,0,0,0,0,0,0,0,0,0,0,1,0,0,1,1,1,1,0,0,0,0,0,0,0,0,00:48,0,0,,,,1.0,1.0,1.0,0.0,2.0,-2.0,false
2168345-105556-18,18,2168345,20,33535,2022-11-20 22:26:08.000000 UTC,105556,Stanford,Cardinal,74,1,false,true,1892469-1321481-1321480-1687908-1321482,4,4,1848.0,1977.0,09:12,07:03,129.0,0,4,-4,0,5,0,4,0,1,0,0,0,1,1,1,1,2,3,2,3,0,0,0,1,2,1,4,0,02:09,2,4,0.0,0.0,,4.93,5.0,4.965,0.0,0.8,-0.8,true
2168345-105556-19,19,2168345,21,33535,2022-11-20 22:26:08.000000 UTC,105556,Stanford,Cardinal,74,1,false,true,1892469-1600147-1321481-1687908-1321482,4,4,1977.0,2044.0,07:03,05:56,67.0,0,0,0,0,0,0,0,0,0,0,0,0,1,2,2,0,0,2,0,2,0,0,0,0,1,1,0,0,01:07,2,0,,,,2.0,3.0,2.5,0.0,0.0,0.0,true
2168345-105556-20,20,2168345,22,33535,2022-11-20 22:26:08.000000 UTC,105556,Stanford,Cardinal,74,1,false,true,1892471-1321481-1321480-1600149-1321482,4,4,2044.0,2090.0,05:56,05:10,46.0,0,0,0,0,3,0,2,0,1,0,0,0,0,1,0,1,0,0,0,0,0,0,0,0,0,0,0,0,00:46,1,0,0.0,0.0,,0.79,0.0,0.395,0.0,,,false
2168345-105556-21,21,2168345,23,33535,2022-11-20 22:26:08.000000 UTC,105556,Stanford,Cardinal,74,1,false,true,1892469-1892471-1321480-1600149-1321482,4,4,2090.0,2148.0,05:10,04:12,58.0,0,0,0,0,1,0,1,0,0,0,0,0,0,0,1,0,0,1,0,0,0,1,0,0,0,0,1,0,00:58,1,1,0.0,,,1.0,1.0,1.0,0.0,0.0,0.0,false
2168345-105556-22,22,2168345,24,33535,2022-11-20 22:26:08.000000 UTC,105556,Stanford,Cardinal,74,1,false,true,1892469-1321481-1321480-1600149-1321482,4,4,2148.0,2400.0,04:12,00:00,251.6,7,11,-4,1,3,1,2,0,1,5,7,1,0,1,3,0,4,12,3,7,1,5,2,1,0,0,3,5,04:12,3,8,0.5,0.0,0.7143,6.8000000000000007,7.45,7.125,1.0294,1.4765,-0.4471,true
2168345-105556-23,23,2168345,24,33535,2022-11-20 22:26:08.000000 UTC,105556,Stanford,Cardinal,74,1,false,true,1892469-1321481-1321480-1600149-1321482,1,5,2400.0,2520.0,05:00,03:00,120.0,4,3,1,1,2,1,1,0,1,2,2,1,0,0,1,0,1,3,0,2,1,1,0,1,0,0,1,1,02:00,1,2,1.0,0.0,1.0,2.8,1.93,2.365,1.4286,1.5544,-0.1258,false
2168345-105556-24,24,2168345,25,33535,2022-11-20 22:26:08.000000 UTC,105556,Stanford,Cardinal,74,1,false,true,1892469-1321481-1321480-1687908-1321482,1,5,2520.0,2671.2,03:00,00:28,151.2,4,9,-5,2,5,2,4,0,1,0,0,1,0,0,0,2,3,3,2,2,1,1,2,1,0,0,1,0,02:31,2,1,0.5,0.0,,2.86,3.8,3.33,1.3986,2.3684,-0.9698,true
2168345-105556-25,25,2168345,26,33535,2022-11-20 22:26:08.000000 UTC,105556,Stanford,Cardinal,74,1,false,true,1892469-1892471-1600147-1321477-1687908,1,5,2671.2,2672.8,00:28,00:27,1.6,2,0,2,0,0,0,0,0,0,2,2,0,0,0,0,0,0,0,0,0,0,0,0,0,0,0,0,0,00:02,0,0,,,1.0,0.8,0.0,0.4,2.5,,,false
2168345-105556-26,26,2168345,28,33535,2022-11-20 22:26:08.000000 UTC,105556,Stanford,Cardinal,74,1,false,true,1892469-1892471-1600147-1321477-1687908,1,5,2672.8,2690.0,00:27,00:10,17.2,0,0,0,0,0,0,0,0,0,0,0,0,1,0,0,0,0,0,0,0,0,0,0,0,1,0,0,0,00:17,0,0,,,,0.0,1.0,0.5,,0.0,,false
2168345-105556-27,27,2168345,29,33535,2022-11-20 22:26:08.000000 UTC,105556,Stanford,Cardinal,74,1,false,true,1892469-1321481-1321480-1687908-1321482,1,5,2690.0,2690.1,00:10,00:09,0.1,0,0,0,0,0,0,0,0,0,0,0,0,0,1,0,0,0,0,0,0,0,0,0,0,0,0,0,0,00:00,0,0,,,,1.0,0.0,0.5,0.0,,,false
2168345-105556-28,28,2168345,30,33535,2022-11-20 22:26:08.000000 UTC,105556,Stanford,Cardinal,74,1,false,true,1892469-1892471-1600147-1321477-1687908,1,5,2690.1,2694.4,00:09,00:05,4.3,0,0,0,0,0,0,0,0,0,0,0,0,0,0,0,0,0,0,0,0,0,0,0,0,0,0,0,0,00:04,0,0,,,,0.0,0.0,0.0,,,,false
2168345-105556-29,29,2168345,31,33535,2022-11-20 22:26:08.000000 UTC,105556,Stanford,Cardinal,74,1,false,true,1892469-1321481-1321480-1687908-1321482,1,5,2694.4,2700.0,00:05,00:00,5.6,0,3,-3,0,0,0,0,0,0,0,0,0,0,1,1,0,0,0,0,0,0,0,6,0,0,0,0,0,00:06,1,0,,,,1.0,2.4000000000000004,1.7,0.0,1.25,-1.25,false
2169577-105491-1,1,2169577,3,33535,2022-11-30 02:23:51.000000 UTC,105491,South Carolina,Gamecocks,89,1,false,true,1321390-951661-1321392-957639-1321388,1,1,0.0,188.0,10:00,06:52,188.0,5,2,3,2,6,1,3,1,3,0,0,2,1,0,1,1,1,3,1,3,0,0,0,0,3,0,3,1,03:08,2,4,0.3333,0.3333,,4.93,4.93,4.93,1.0142,0.4057,0.6085,true
2169577-105491-2,2,2169577,4,33535,2022-11-30 02:23:51.000000 UTC,105491,South Carolina,Gamecocks,89,1,false,true,1689294-1321390-1321392-957639-1321388,1,1,188.0,202.0,06:52,06:38,14.0,0,0,0,0,0,0,0,0,0,0,0,0,0,0,0,0,0,0,0,0,0,0,0,0,0,0,0,0,00:14,0,0,,,,0.0,0.0,0.0,,,,false
2169577-105491-3,3,2169577,5,33535,2022-11-30 02:23:51.000000 UTC,105491,South Carolina,Gamecocks,89,1,false,true,1689294-1321390-1689293-957639-1321388,1,1,202.0,379.0,06:38,03:41,177.0,4,6,-2,2,6,2,5,0,1,0,0,1,0,0,2,0,3,5,3,4,0,1,0,0,1,0,4,0,02:57,2,4,0.4,0.0,,6.0,6.0,6.0,0.6667,1.0,-0.3333,true
2169577-105491-4,4,2169577,6,33535,2022-11-30 02:23:51.000000 UTC,105491,South Carolina,Gamecocks,89,1,false,true,1689294-1321392-957639-1321394-1615279,1,1,379.0,446.0,03:41,02:34,67.0,0,4,-4,0,0,0,0,0,0,0,0,0,0,2,0,0,2,2,2,2,0,0,0,2,0,1,0,0,01:07,0,0,,,,2.0,2.0,2.0,0.0,2.0,-2.0,false
2169577-105491-5,5,2169577,7,33535,2022-11-30 02:23:51.000000 UTC,105491,South Carolina,Gamecocks,89,1,false,true,1321390-1321392-957639-1321394-1615279,1,1,446.0,462.0,02:34,02:18,16.0,0,0,0,0,0,0,0,0,0,0,0,0,0,0,1,0,0,2,0,1,0,1,0,0,0,0,0,1,00:16,1,1,,,,0.0,0.92999999999999994,0.465,,0.0,,false
2169577-105491-6,6,2169577,8,33535,2022-11-30 02:23:51.000000 UTC,105491,South Carolina,Gamecocks,89,1,false,true,1321390-1321392-1321394-1321388-1615279,1,1,462.0,600.0,02:18,00:00,138.0,4,4,0,2,5,2,2,0,3,0,0,1,0,0,0,2,2,3,2,3,0,0,0,1,0,0,1,1,02:18,2,2,1.0,0.0,,2.86,1.93,2.395,1.3986,2.0725,-0.6739,false
2169577-105491-7,7,2169577,8,33535,2022-11-30 02:23:51.000000 UTC,105491,South Carolina,Gamecocks,89,1,false,true,1321390-1321392-1321394-1321388-1615279,2,2,600.0,724.0,10:00,07:56,124.0,4,5,-1,2,6,2,4,0,2,0,0,0,1,0,1,2,1,3,0,2,1,1,2,0,1,0,2,1,02:04,3,3,0.5,0.0,,3.86,3.7299999999999995,3.795,1.0363,1.3405,-0.3042,true
2169577-105491-8,8,2169577,9,33535,2022-11-30 02:23:51.000000 UTC,105491,South Carolina,Gamecocks,89,1,false,true,951661-1689293-1321392-1321388-1615279,2,2,724.0,737.0,07:56,07:43,13.0,0,0,0,0,0,0,0,0,0,0,0,0,0,0,0,0,0,0,0,0,0,0,0,0,0,0,0,0,00:13,0,0,,,,0.0,0.0,0.0,,,,false
2169577-105491-9,9,2169577,10,33535,2022-11-30 02:23:51.000000 UTC,105491,South Carolina,Gamecocks,89,1,false,true,951661-1689293-1321392-1689291-1615279,2,2,737.0,873.0,07:43,05:27,136.0,0,5,-5,0,2,0,2,0,0,0,2,0,0,1,1,1,2,3,1,2,1,1,0,0,0,0,2,0,02:16,2,2,0.0,,0.0,3.0866666666666664,3.0,3.0433,0.0,1.6667,-1.6667,true
2169577-105491-10,10,2169577,12,33535,2022-11-30 02:23:51.000000 UTC,105491,South Carolina,Gamecocks,89,1,false,true,951661-1689293-1321392-957639-1913006,2,2,873.0,918.0,05:27,04:42,45.0,0,0,0,0,4,0,4,0,0,0,0,0,0,0,0,3,0,1,0,0,0,1,0,0,1,0,1,0,00:45,3,1,0.0,,,0.79,2.0,1.395,0.0,0.0,0.0,false
2169577-105491-11,11,2169577,13,33535,2022-11-30 02:23:51.000000 UTC,105491,South Carolina,Gamecocks,89,1,false,true,1321390-951661-1689293-957639-1913006,2,2,918.0,956.0,04:42,04:04,38.0,0,0,0,0,2,0,2,0,0,0,0,0,0,0,1,1,0,1,0,1,0,0,0,0,0,0,1,0,00:38,2,1,0.0,,,0.92999999999999994,1.0,0.965,0.0,0.0,0.0,false
2169577-105491-12,12,2169577,14,33535,2022-11-30 02:23:51.000000 UTC,105491,South Carolina,Gamecocks,89,1,false,true,1321390-951661-957639-1913006-1321388,2,2,956.0,1133.0,04:04,01:07,177.0,6,5,1,3,4,3,4,0,0,0,3,2,1,1,2,1,1,7,0,4,1,3,2,1,1,0,1,4,02:57,3,5,0.75,,0.0,5.665,4.52,5.0925,1.0591,1.1062,-0.0471,true
2169577-105491-13,13,2169577,15,33535,2022-11-30 02:23:51.000000 UTC,105491,South Carolina,Gamecocks,89,1,false,true,1321390-951661-1689293-1913006-1321388,2,2,1133.0,1185.2,01:07,00:14,52.2,2,0,2,1,1,1,1,0,0,0,0,1,0,0,2,0,0,2,0,1,0,1,0,0,0,0,0,0,00:52,2,0,1.0,,,1.0,2.0,1.5,2.0,0.0,2.0,false
2169577-105491-14,14,2169577,16,33535,2022-11-30 02:23:51.000000 UTC,105491,South Carolina,Gamecocks,89,1,false,true,1321386-1321390-951661-1689293-1321388,2,2,1185.2,1200.0,00:14,00:00,14.8,0,0,0,0,2,0,2,0,0,0,0,0,0,0,0,1,0,0,0,0,0,0,0,0,0,0,0,0,00:15,1,0,0.0,,,-0.14000000000000012,0.0,-0.07,0.0,,,false
2169577-105491-15,15,2169577,17,33535,2022-11-30 02:23:51.000000 UTC,105491,South Carolina,Gamecocks,89,1,false,true,1321390-951661-1321392-957639-1321388,3,3,1200.0,1367.0,10:00,07:13,167.0,6,7,-1,3,3,3,3,0,0,0,0,1,0,1,0,0,3,6,2,5,1,1,0,1,0,0,0,3,02:47,0,3,1.0,,,4.0,2.79,3.395,1.5,2.509,-1.009,true
2169577-105491-16,16,2169577,18,33535,2022-11-30 02:23:51.000000 UTC,105491,South Carolina,Gamecocks,89,1,false,true,1321390-951661-1321392-1321388-1615279,3,3,1367.0,1638.0,07:13,02:42,271.0,8,6,2,3,9,3,7,0,2,2,2,1,0,2,7,3,2,9,2,8,0,1,3,1,0,1,3,1,04:31,10,4,0.4286,0.0,1.0,8.59,9.26375,8.9269,0.9313,0.6477,0.2836,true
2169577-105491-17,17,2169577,19,33535,2022-11-30 02:23:51.000000 UTC,105491,South Carolina,Gamecocks,89,1,false,true,1321390-1689293-957639-1321388-1615279,3,3,1638.0,1725.0,02:42,01:15,87.0,4,0,4,2,2,2,2,0,0,0,0,1,1,1,1,0,0,2,0,1,0,1,0,0,2,0,0,1,01:27,1,1,1.0,,,3.0,2.9299999999999997,2.965,1.3333,0.0,1.3333,true
2169577-105491-18,18,2169577,20,33535,2022-11-30 02:23:51.000000 UTC,105491,South Carolina,Gamecocks,89,1,false,true,1689293-957639-1321394-1321388-1615279,3,3,1725.0,1800.0,01:15,00:00,75.0,2,3,-1,1,3,1,3,0,0,0,0,0,1,0,0,1,1,1,0,0,1,1,0,1,1,0,1,0,01:15,1,1,0.3333,,,1.93,2.0,1.965,1.0363,1.5,-0.4637,false
2169577-105491-19,19,2169577,21,33535,2022-11-30 02:23:51.000000 UTC,105491,South Carolina,Gamecocks,89,1,false,true,1321390-951661-1321394-1321388-1615279,4,4,1800.0,1923.0,10:00,07:57,123.0,2,3,-1,1,4,1,2,0,2,0,0,0,0,1,2,1,0,3,0,2,0,1,4,0,1,1,2,2,02:03,3,4,0.5,0.0,,3.9299999999999997,3.9949999999999997,3.9625,0.5089,0.7509,-0.242,true
2169577-105491-20,20,2169577,22,33535,2022-11-30 02:23:51.000000 UTC,105491,South Carolina,Gamecocks,89,1,false,true,1321390-1321392-1321394-1321388-1615279,4,4,1923.0,2162.0,07:57,03:58,239.0,7,4,3,3,6,3,5,0,1,1,2,1,0,0,3,3,1,5,1,2,0,3,2,0,0,0,1,1,03:59,6,2,0.6,0.0,0.5,4.3925,4.7299999999999995,4.5612,1.5936,0.8457,0.748,true
2169577-105491-21,21,2169577,23,33535,2022-11-30 02:23:51.000000 UTC,105491,South Carolina,Gamecocks,89,1,false,true,1321390-1689293-1321394-1321388-1615279,4,4,2162.0,2171.0,03:58,03:49,9.0,0,0,0,0,0,0,0,0,0,0,0,0,0,0,0,0,0,0,0,0,0,0,0,0,0,0,0,0,00:09,0,0,,,,0.0,0.0,0.0,,,,false
2169577-105491-22,22,2169577,24,33535,2022-11-30 02:23:51.000000 UTC,105491,South Carolina,Gamecocks,89,1,false,true,1321390-1321392-1321394-1321388-1615279,4,4,2171.0,2377.9,03:49,00:22,206.9,13,8,5,2,3,2,3,0,0,9,10,2,0,0,3,0,2,5,2,3,0,2,5,0,1,0,1,1,03:27,3,2,0.6667,,0.9,7.0,7.1975,7.0987,1.8571,1.1115,0.7456,true
2169577-105491-23,23,2169577,25,33535,2022-11-30 02:23:51.000000 UTC,105491,South Carolina,Gamecocks,89,1,false,true,1321390-1689293-1321394-1321388-1615279,4,4,2377.9,2400.0,00:22,00:00,22.1,4,2,2,0,0,0,0,0,0,4,6,0,0,0,1,0,0,2,0,0,0,2,5,0,0,0,2,0,00:22,1,2,,,0.6667,2.4000000000000004,4.0,3.2,1.6667,0.5,1.1667,true
2169577-105632-1,1,2169577,3,33535,2022-11-30 02:23:51.000000 UTC,105632,UCLA,Bruins,74,1,false,true,1320951-958626-1320952-1928812-1612047,1,1,0.0,150.0,10:00,07:30,150.0,2,5,-3,1,2,1,2,0,0,0,0,0,0,3,1,1,2,4,1,2,1,2,0,2,0,1,0,1,02:30,2,1,0.5,,,3.9299999999999997,2.9299999999999997,3.43,0.5089,1.7065,-1.1976,true
2169577-105632-2,2,2169577,4,33535,2022-11-30 02:23:51.000000 UTC,105632,UCLA,Bruins,74,1,false,true,1928813-958626-1928812-1928817-1612047,1,1,150.0,213.0,07:30,06:27,63.0,0,0,0,0,1,0,1,0,0,0,0,0,0,1,2,0,0,2,0,1,0,1,0,0,0,0,1,0,01:03,2,1,0.0,,,2.0,2.0,2.0,0.0,0.0,0.0,false
2169577-105632-3,3,2169577,5,33535,2022-11-30 02:23:51.000000 UTC,105632,UCLA,Bruins,74,1,false,true,1928813-1320951-1928812-1928817-1612047,1,1,213.0,379.0,06:27,03:41,166.0,6,4,2,3,5,3,4,0,1,0,0,0,0,0,4,0,2,6,2,5,0,1,0,1,0,0,2,0,02:46,4,2,0.75,0.0,,5.0,6.0,5.5,1.2,0.6667,0.5333,true
2169577-105632-4,4,2169577,6,33535,2022-11-30 02:23:51.000000 UTC,105632,UCLA,Bruins,74,1,false,true,1928813-1320951-958626-1320952-1928823,1,1,379.0,462.0,03:41,02:18,83.0,4,0,4,2,4,2,3,0,1,0,0,2,1,0,0,1,0,0,0,0,0,0,0,0,2,0,1,0,01:23,1,1,0.6667,0.0,,2.9299999999999997,2.0,2.465,1.3652,0.0,1.3652,false
2169577-105632-5,5,2169577,7,33535,2022-11-30 02:23:51.000000 UTC,105632,UCLA,Bruins,74,1,false,true,1320951-958626-1928812-1928817-1612047,1,1,462.0,600.0,02:18,00:00,138.0,4,4,0,2,3,2,3,0,0,0,0,1,0,0,1,1,2,5,2,2,0,3,0,1,0,0,0,2,02:18,2,2,0.6667,,,1.93,2.86,2.395,2.0725,1.3986,0.6739,false
2169577-105632-6,6,2169577,8,33535,2022-11-30 02:23:51.000000 UTC,105632,UCLA,Bruins,74,1,false,true,1320951-958626-1928812-1320949-1612047,2,2,600.0,651.0,10:00,09:09,51.0,3,4,-1,1,1,0,0,1,1,0,0,0,0,1,0,0,2,3,2,3,0,0,0,0,0,1,0,1,00:51,0,1,,1.0,,2.0,1.93,1.965,1.5,2.0725,-0.5725,false
2169577-105632-7,7,2169577,9,33535,2022-11-30 02:23:51.000000 UTC,105632,UCLA,Bruins,74,1,false,true,1928813-1320951-1928812-1320949-1928817,2,2,651.0,724.0,09:09,07:56,73.0,2,0,2,0,2,0,2,0,0,2,2,0,0,0,2,1,0,3,0,1,0,2,0,0,0,0,1,1,01:13,3,2,0.0,,1.0,1.7299999999999998,1.93,1.83,1.1561,0.0,1.1561,false
2169577-105632-8,8,2169577,10,33535,2022-11-30 02:23:51.000000 UTC,105632,UCLA,Bruins,74,1,false,true,1928813-1320951-1928812-1928823-1928817,2,2,724.0,737.0,07:56,07:43,13.0,0,0,0,0,0,0,0,0,0,0,0,0,0,0,0,0,0,0,0,0,0,0,0,0,0,0,0,0,00:13,0,0,,,,0.0,0.0,0.0,,,,false
2169577-105632-9,9,2169577,11,33535,2022-11-30 02:23:51.000000 UTC,105632,UCLA,Bruins,74,1,false,true,1320951-1320952-1928812-1928823-1612047,2,2,737.0,820.0,07:43,06:20,83.0,2,0,2,1,2,1,2,0,0,0,0,0,0,0,2,0,0,1,0,1,0,0,2,0,1,0,1,0,01:23,2,1,0.5,,,2.0,2.8,2.4,1.0,0.0,1.0,false
2169577-105632-10,10,2169577,12,33535,2022-11-30 02:23:51.000000 UTC,105632,UCLA,Bruins,74,1,false,true,1320951-958626-1320952-1928823-1612047,2,2,820.0,873.0,06:20,05:27,53.0,3,0,3,1,1,0,0,1,1,0,0,0,0,0,0,0,0,1,0,1,0,0,0,0,0,0,0,1,00:53,0,1,,1.0,,1.0,-0.070000000000000062,0.465,3.0,0.0,3.0,false
2169577-105632-11,11,2169577,13,33535,2022-11-30 02:23:51.000000 UTC,105632,UCLA,Bruins,74,1,false,true,1320951-958626-1928823-1320949-1612047,2,2,873.0,918.0,05:27,04:42,45.0,0,2,-2,0,1,0,0,0,1,0,0,0,0,1,1,0,0,4,0,4,0,0,2,0,0,0,0,3,00:45,1,3,,0.0,,2.0,1.5899999999999999,1.795,0.0,1.2579,-1.2579,false
2169577-105632-12,12,2169577,14,33535,2022-11-30 02:23:51.000000 UTC,105632,UCLA,Bruins,74,1,false,true,1320951-958626-1928812-1928823-1612047,2,2,918.0,1114.0,04:42,01:26,196.0,5,6,-1,1,6,0,4,1,2,2,2,1,0,1,2,3,3,6,3,6,0,0,3,2,0,1,2,2,03:16,5,4,0.0,0.5,1.0,4.59,5.5950000000000006,5.0925,1.0893,1.0724,0.0169,true
2169577-105632-13,13,2169577,15,33535,2022-11-30 02:23:51.000000 UTC,105632,UCLA,Bruins,74,1,false,true,1928813-1320951-1928812-1928823-1612047,2,2,1114.0,1200.0,01:26,00:00,86.0,0,2,-2,0,4,0,2,0,2,0,0,0,0,0,0,1,1,3,1,3,0,0,0,1,1,0,3,1,01:26,1,4,0.0,0.0,,2.9299999999999997,1.8599999999999999,2.395,0.0,1.0753,-1.0753,false
2169577-105632-14,14,2169577,16,33535,2022-11-30 02:23:51.000000 UTC,105632,UCLA,Bruins,74,1,false,true,1320951-958626-1320952-1928812-1612047,3,3,1200.0,1367.0,10:00,07:13,167.0,7,6,1,3,6,2,5,1,1,0,0,1,0,0,0,3,3,3,3,3,0,0,0,1,1,0,0,0,02:47,3,0,0.4,1.0,,2.79,4.0,3.395,2.509,1.5,1.009,true
2169577-105632-15,15,2169577,17,33535,2022-11-30 02:23:51.000000 UTC,105632,UCLA,Bruins,74,1,false,true,1320951-958626-1928812-1928817-1612047,3,3,1367.0,1382.0,07:13,06:58,15.0,1,0,1,0,0,0,0,0,0,1,2,0,0,0,0,0,0,1,0,1,0,0,0,0,0,0,1,1,00:15,0,2,,,0.5,0.8,-0.070000000000000062,0.365,1.25,0.0,1.25,false
2169577-105632-16,16,2169577,18,33535,2022-11-30 02:23:51.000000 UTC,105632,UCLA,Bruins,74,1,false,true,958626-1928812-1928823-1928817-1612047,3,3,1382.0,1439.0,06:58,06:01,57.0,0,0,0,0,1,0,1,0,0,0,0,0,0,0,1,0,0,3,0,2,0,1,0,0,0,0,1,2,00:57,1,3,0.0,,,1.0,0.85999999999999988,0.93,0.0,0.0,0.0,false
2169577-105632-17,17,2169577,19,33535,2022-11-30 02:23:51.000000 UTC,105632,UCLA,Bruins,74,1,false,true,958626-1320952-1928812-1928823-1612047,3,3,1439.0,1460.0,06:01,05:40,21.0,0,2,-2,0,1,0,1,0,0,0,0,0,0,0,0,0,0,0,0,0,0,0,2,0,0,0,1,0,00:21,0,1,0.0,,,1.0,0.8,0.9,0.0,2.5,-2.5,false
2169577-105632-18,18,2169577,20,33535,2022-11-30 02:23:51.000000 UTC,105632,UCLA,Bruins,74,1,false,true,1320951-1320952-1928812-1928823-1612047,3,3,1460.0,1638.0,05:40,02:42,178.0,5,6,-1,2,7,2,6,0,1,1,1,1,1,0,2,1,3,5,3,4,0,1,0,1,2,0,4,0,02:58,3,4,0.3333,0.0,1.0,6.33,7.0,6.665,0.7899,0.8571,-0.0673,true
2169577-105632-19,19,2169577,21,33535,2022-11-30 02:23:51.000000 UTC,105632,UCLA,Bruins,74,1,false,true,1320951-1320952-1928812-1928823-1928817,3,3,1638.0,1663.0,02:42,02:17,25.0,0,2,-2,0,1,0,1,0,0,0,0,0,0,0,0,0,1,1,1,1,0,0,0,1,0,0,1,0,00:25,0,1,0.0,,,1.0,1.0,1.0,0.0,2.0,-2.0,false
2169577-105632-20,20,2169577,22,33535,2022-11-30 02:23:51.000000 UTC,105632,UCLA,Bruins,74,1,false,true,1928813-1320951-958626-1928812-1928817,3,3,1663.0,1711.0,02:17,01:29,48.0,0,2,-2,0,1,0,0,0,1,0,0,0,0,2,0,1,1,1,1,1,0,0,0,0,0,1,0,0,00:48,1,0,,0.0,,1.93,1.0,1.465,0.0,2.0,-2.0,false
2169577-105632-21,21,2169577,23,33535,2022-11-30 02:23:51.000000 UTC,105632,UCLA,Bruins,74,1,false,true,1320951-958626-1320952-1928812-1612047,3,3,1711.0,1800.0,01:29,00:00,88.999999999999986,3,2,1,1,1,0,0,1,1,0,0,1,0,1,1,0,1,3,1,3,0,0,0,0,1,1,0,1,01:29,1,1,,1.0,,2.0,2.9299999999999997,2.465,1.5,0.6826,0.8174,false
2169577-105632-22,22,2169577,24,33535,2022-11-30 02:23:51.000000 UTC,105632,UCLA,Bruins,74,1,false,true,1928813-958626-1320952-1928812-1612047,4,4,1800.0,1826.0,10:00,09:34,26.0,0,0,0,0,1,0,1,0,0,0,0,0,1,1,0,1,0,0,0,0,0,0,0,0,1,0,0,0,00:26,1,0,0.0,,,0.92999999999999994,1.0,0.965,0.0,0.0,0.0,false
2169577-105632-23,23,2169577,25,33535,2022-11-30 02:23:51.000000 UTC,105632,UCLA,Bruins,74,1,false,true,1320951-958626-1320952-1928812-1612047,4,4,1826.0,1923.0,09:34,07:57,97.0,3,2,1,0,2,0,1,0,1,3,4,0,0,0,2,1,1,4,1,2,0,2,0,0,0,0,2,1,01:37,3,3,0.0,0.0,0.75,2.8866666666666667,2.9299999999999997,2.9083,1.0393,0.6826,0.3567,true
2169577-105632-24,24,2169577,26,33535,2022-11-30 02:23:51.000000 UTC,105632,UCLA,Bruins,74,1,false,true,1320951-958626-1320952-1928812-1928817,4,4,1923.0,1992.0,07:57,06:48,69.0,2,2,0,0,1,0,1,0,0,2,2,0,0,0,0,0,1,2,1,2,0,0,0,1,0,0,1,1,01:09,0,2,0.0,,1.0,1.8,0.92999999999999994,1.365,1.1111,2.1505,-1.0394,false
2169577-105632-25,25,2169577,27,33535,2022-11-30 02:23:51.000000 UTC,105632,UCLA,Bruins,74,1,false,true,1320951-958626-1320952-1928812-1612047,4,4,1992.0,2329.0,06:48,01:11,337.0,4,13,-9,2,8,2,3,0,5,0,0,0,0,1,2,2,3,6,3,5,0,1,8,1,0,0,4,2,05:37,4,6,0.6667,0.0,,6.8599999999999994,7.5949999999999989,7.2275,0.5831,1.7117,-1.1286,true
2169577-105632-26,26,2169577,28,33535,2022-11-30 02:23:51.000000 UTC,105632,UCLA,Bruins,74,1,false,true,1320951-958626-1320952-1928812-1928823,4,4,2329.0,2335.0,01:11,01:05,6.0,0,0,0,0,0,0,0,0,0,0,0,0,0,0,0,0,0,0,0,0,0,0,0,0,0,0,0,0,00:06,0,0,,,,0.0,0.0,0.0,,,,false
2169577-105632-27,27,2169577,29,33535,2022-11-30 02:23:51.000000 UTC,105632,UCLA,Bruins,74,1,false,true,1320951-958626-1928812-1928823-1612047,4,4,2335.0,2338.0,01:05,01:02,3.0,0,1,-1,0,0,0,0,0,0,0,0,0,0,0,0,0,0,0,0,0,0,0,2,0,0,0,0,0,00:03,0,0,,,,0.0,0.8,0.4,,1.25,,false
2169577-105632-28,28,2169577,30,33535,2022-11-30 02:23:51.000000 UTC,105632,UCLA,Bruins,74,1,false,true,1928813-1320951-958626-1320952-1928823,4,4,2338.0,2363.7,01:02,00:36,25.7,3,2,1,0,0,0,0,0,0,3,4,0,0,0,0,0,1,1,1,1,0,0,0,1,0,0,1,0,00:26,0,1,,,0.75,1.6,1.0,1.3,1.875,2.0,-0.125,false
2169577-105632-29,29,2169577,31,33535,2022-11-30 02:23:51.000000 UTC,105632,UCLA,Bruins,74,1,false,true,1928813-1320951-958626-1928823-1612047,4,4,2363.7,2377.5,00:36,00:22,13.8,2,2,0,1,1,1,1,0,0,0,0,0,0,0,0,0,0,0,0,0,0,0,2,0,0,0,0,0,00:14,0,0,1.0,,,1.0,0.8,0.9,2.0,2.5,-0.5,false
2169577-105632-30,30,2169577,33,33535,2022-11-30 02:23:51.000000 UTC,105632,UCLA,Bruins,74,1,false,true,1928813-1320951-958626-1928812-1928823,4,4,2377.5,2379.9,00:22,00:20,2.4,0,0,0,0,0,0,0,0,0,0,0,0,0,0,0,0,0,0,0,0,0,0,0,0,0,0,0,0,00:02,0,0,,,,0.0,0.0,0.0,,,,false
2169577-105632-31,31,2169577,34,33535,2022-11-30 02:23:51.000000 UTC,105632,UCLA,Bruins,74,1,false,true,1320951-958626-1320952-1928823-1612047,4,4,2379.9,2381.5,00:20,00:18,1.6,0,2,-2,0,1,0,0,0,1,0,0,0,0,0,0,0,0,0,0,0,0,0,2,0,0,0,0,0,00:02,0,0,,0.0,,1.0,0.8,0.9,0.0,2.5,-2.5,false
2169577-105632-32,32,2169577,35,33535,2022-11-30 02:23:51.000000 UTC,105632,UCLA,Bruins,74,1,false,true,1928813-1320951-958626-1320952-1928823,4,4,2381.5,2387.2,00:18,00:12,5.7,1,0,1,0,0,0,0,0,0,1,2,0,0,0,0,0,0,0,0,0,0,0,0,0,0,0,0,0,00:06,0,0,,,0.5,0.8,0.0,0.4,1.25,,,false
2169577-105632-33,33,2169577,36,33535,2022-11-30 02:23:51.000000 UTC,105632,UCLA,Bruins,74,1,false,true,1320951-958626-1320952-1928823-1612047,4,4,2387.2,2392.1,00:12,00:07,4.9,0,1,-1,0,0,0,0,0,0,0,0,0,0,0,1,0,0,0,0,0,0,0,2,0,0,0,0,0,00:05,1,0,,,,0.0,0.8,0.4,,1.25,,false
2169577-105632-34,34,2169577,37,33535,2022-11-30 02:23:51.000000 UTC,105632,UCLA,Bruins,74,1,false,true,1928813-1320951-958626-1320952-1928823,4,4,2392.1,2396.6,00:07,00:03,4.5,1,0,1,0,0,0,0,0,0,1,3,0,0,0,0,0,0,0,0,0,0,0,0,0,0,0,1,0,00:05,0,1,,,0.3333,1.2000000000000002,0.0,0.6,0.8333,,,false
2169577-105632-35,35,2169577,38,33535,2022-11-30 02:23:51.000000 UTC,105632,UCLA,Bruins,74,1,false,true,1928813-1320951-958626-1928823-1612047,4,4,2396.6,2400.0,00:03,00:00,3.3999999999999995,0,1,-1,0,1,0,0,0,1,0,0,0,0,0,1,0,0,0,0,0,0,0,2,0,0,0,0,0,00:03,1,0,,0.0,,1.0,0.8,0.9,0.0,1.25,-1.25,false
2178468-105491-1,1,2178468,3,33535,2023-02-05 19:25:58.000000 UTC,105491,South Carolina,Gamecocks,89,1,false,true,1321390-951661-1321392-957639-1321388,1,1,0.0,263.0,10:00,05:37,263.0,4,10,-6,2,8,2,6,0,2,0,0,1,0,2,2,3,4,7,4,7,0,0,2,0,0,1,3,1,04:23,5,4,0.3333,0.0,,6.79,6.7299999999999995,6.76,0.5891,1.4859,-0.8968,true
2178468-105491-2,2,2178468,4,33535,2023-02-05 19:25:58.000000 UTC,105491,South Carolina,Gamecocks,89,1,false,true,1689294-1321390-1321392-957639-1321388,1,1,263.0,298.0,05:37,05:02,35.0,2,0,2,1,1,1,1,0,0,0,0,0,0,0,0,0,0,0,0,0,0,0,0,0,1,0,0,0,00:35,0,0,1.0,,,1.0,1.0,1.0,2.0,0.0,2.0,false
2178468-105491-3,3,2178468,5,33535,2023-02-05 19:25:58.000000 UTC,105491,South Carolina,Gamecocks,89,1,false,true,1689294-1321390-1321392-1321394-1321388,1,1,298.0,344.0,05:02,04:16,46.0,0,2,-2,0,1,0,1,0,0,0,0,0,0,1,1,0,1,1,1,1,0,0,1,0,0,1,1,0,00:46,1,1,0.0,,,2.0,1.4,1.7,0.0,1.4286,-1.4286,false
2178468-105491-4,4,2178468,6,33535,2023-02-05 19:25:58.000000 UTC,105491,South Carolina,Gamecocks,89,1,false,true,1689294-1321390-1689293-1321394-1321388,1,1,344.0,484.0,04:16,01:56,140.0,7,6,1,2,4,2,4,0,0,3,4,1,0,0,1,2,2,3,1,2,1,1,2,2,1,0,0,0,02:20,3,0,0.5,,0.75,3.4599999999999995,4.8,4.13,2.0231,1.25,0.7731,true
2178468-105491-5,5,2178468,7,33535,2023-02-05 19:25:58.000000 UTC,105491,South Carolina,Gamecocks,89,1,false,true,1689294-1321390-1689293-1321394-1615279,1,1,484.0,553.2,01:56,00:46,69.2,1,2,-1,0,1,0,0,0,1,1,2,0,1,2,0,1,0,0,0,0,0,0,2,0,1,1,0,0,01:09,1,0,,0.0,0.5,2.73,1.8,2.265,0.3663,1.1111,-0.7448,false
2178468-105491-6,6,2178468,8,33535,2023-02-05 19:25:58.000000 UTC,105491,South Carolina,Gamecocks,89,1,false,true,1689294-1689293-1321394-1321388-1615279,1,1,553.2,600.0,00:46,00:00,46.800000000000004,0,5,-5,0,1,0,1,0,0,0,0,0,0,0,0,0,1,2,0,1,1,1,2,0,0,0,1,1,00:47,0,2,0.0,,,1.0,1.7299999999999998,1.365,0.0,2.8902,-2.8902,false
2178468-105491-7,7,2178468,9,33535,2023-02-05 19:25:58.000000 UTC,105491,South Carolina,Gamecocks,89,1,false,true,1689294-1321390-1321394-1321388-1615279,2,2,600.0,1200.0,10:00,00:00,600.0,20,9,11,7,19,7,15,0,4,6,9,1,0,0,5,9,3,11,3,10,0,1,4,0,4,0,4,2,10:00,14,6,0.4667,0.0,0.6667,13.71076923076923,14.154285714285713,13.9325,1.4587,0.6358,0.8229,true
2178468-105491-8,8,2178468,10,33535,2023-02-05 19:25:58.000000 UTC,105491,South Carolina,Gamecocks,89,1,false,true,1689294-1321390-1321392-957639-1321388,3,3,1200.0,1497.0,10:00,05:03,297.0,8,8,0,4,10,4,9,0,1,0,0,1,1,0,2,2,4,7,4,6,0,1,0,1,1,0,4,1,04:57,4,5,0.4444,0.0,,7.8599999999999994,6.93,7.395,1.0178,1.1544,-0.1366,true
2178468-105491-9,9,2178468,11,33535,2023-02-05 19:25:58.000000 UTC,105491,South Carolina,Gamecocks,89,1,false,true,1689294-1321390-1321392-1321388-1615279,3,3,1497.0,1725.0,05:03,01:15,228.0,9,6,3,3,6,3,5,0,1,3,3,2,1,0,2,2,2,5,2,5,0,0,2,0,2,0,1,1,03:48,4,2,0.6,0.0,1.0,5.0600000000000005,6.7299999999999995,5.895,1.7787,0.8915,0.8871,true
2178468-105491-10,10,2178468,12,33535,2023-02-05 19:25:58.000000 UTC,105491,South Carolina,Gamecocks,89,1,false,true,1689294-1321390-1321392-1321394-1321388,3,3,1725.0,1800.0,01:15,00:00,75.0,2,2,0,1,2,1,2,0,0,0,0,1,0,0,0,0,1,3,1,2,0,1,0,1,0,0,1,2,01:15,0,3,0.5,,,2.0,0.85999999999999988,1.43,1.0,2.3256,-1.3256,false
2178468-105491-11,11,2178468,12,33535,2023-02-05 19:25:58.000000 UTC,105491,South Carolina,Gamecocks,89,1,false,true,1689294-1321390-1321392-1321394-1321388,4,4,1800.0,1990.0,10:00,06:50,190.0,8,5,3,2,4,0,0,2,4,2,2,2,0,0,1,1,2,3,2,3,0,0,1,1,2,0,1,0,03:10,2,1,,0.5,1.0,3.7299999999999995,5.4,4.565,2.1448,0.9259,1.2188,true
2178468-105491-12,12,2178468,13,33535,2023-02-05 19:25:58.000000 UTC,105491,South Carolina,Gamecocks,89,1,false,true,1689294-1321390-1321392-1321388-1615279,4,4,1990.0,2320.0,06:50,01:20,330.0,13,9,4,4,10,3,8,1,2,4,4,2,0,1,2,4,4,6,4,6,0,0,2,0,1,0,2,1,05:30,6,3,0.375,0.5,1.0,8.32,7.086666666666666,7.7033,1.5625,1.27,0.2925,true
2178468-105491-13,13,2178468,14,33535,2023-02-05 19:25:58.000000 UTC,105491,South Carolina,Gamecocks,89,1,false,true,1689294-1321390-1321392-1321394-1321388,4,4,2320.0,2400.0,01:20,00:00,79.999999999999986,7,13,-6,0,0,0,0,0,0,7,12,0,0,0,1,1,4,6,4,5,0,1,7,2,0,0,2,1,01:20,2,3,,,0.5833,4.8000000000000007,7.73,6.265,1.4583,1.6818,-0.2234,true
2178468-105633-1,1,2178468,3,33535,2023-02-05 19:25:58.000000 UTC,105633,UConn,Huskies,29,1,false,true,1599766-1000714-1320823-1599768-956049,1,1,0.0,484.0,10:00,01:56,484.0,18,13,5,7,11,6,10,1,1,3,5,2,2,2,4,1,5,14,5,12,0,2,4,2,3,0,4,5,08:04,5,9,0.6,1.0,0.6,14.144,13.249999999999998,13.697,1.2726,0.9811,0.2915,true
2178468-105633-2,2,2178468,4,33535,2023-02-05 19:25:58.000000 UTC,105633,UConn,Huskies,29,1,false,true,1599766-1000714-1320823-1907335-956049,1,1,484.0,600.0,01:56,00:00,116.0,7,1,6,1,2,0,1,1,1,4,4,0,1,1,1,1,0,2,0,1,0,1,2,0,2,1,0,1,01:56,2,1,0.0,1.0,1.0,3.5300000000000002,3.7299999999999995,3.63,1.983,0.2681,1.7149,true
2178468-105633-3,3,2178468,5,33535,2023-02-05 19:25:58.000000 UTC,105633,UConn,Huskies,29,1,false,true,1599766-1000714-1320823-1907335-1599768,2,2,600.0,665.0,10:00,08:55,65.0,0,3,-3,0,2,0,2,0,0,0,0,0,0,0,0,0,1,1,1,1,0,0,1,0,0,0,2,0,01:05,0,2,0.0,,,2.0,1.4,1.7,0.0,2.1429,-2.1429,false
2178468-105633-4,4,2178468,6,33535,2023-02-05 19:25:58.000000 UTC,105633,UConn,Huskies,29,1,false,true,1599766-1000714-1320823-1599768-956049,2,2,665.0,1016.0,08:55,03:04,351.0,6,9,-3,2,6,2,5,0,1,2,2,0,0,4,4,2,3,14,3,11,0,3,4,0,0,0,2,7,05:51,6,9,0.4,0.0,1.0,8.66,8.11,8.385,0.6928,1.1097,-0.4169,true
2178468-105633-5,5,2178468,7,33535,2023-02-05 19:25:58.000000 UTC,105633,UConn,Huskies,29,1,false,true,1599766-1000714-1320823-1907335-956049,2,2,1016.0,1200.0,03:04,00:00,184.0,3,8,-5,1,3,1,3,0,0,1,2,0,0,0,0,0,3,4,3,3,0,1,4,1,0,0,1,2,03:04,0,3,0.3333,,0.5,3.8,4.5299999999999994,4.165,0.7895,1.766,-0.9765,true
2178468-105633-6,6,2178468,8,33535,2023-02-05 19:25:58.000000 UTC,105633,UConn,Huskies,29,1,false,true,1599766-1000714-1320823-1599768-956049,3,3,1200.0,1497.0,10:00,05:03,297.0,8,8,0,4,7,4,6,0,1,0,0,1,0,1,4,1,4,10,4,9,0,1,0,1,0,1,2,2,04:57,5,4,0.6667,0.0,,6.93,7.8599999999999994,7.395,1.1544,1.0178,0.1366,true
2178468-105633-7,7,2178468,9,33535,2023-02-05 19:25:58.000000 UTC,105633,UConn,Huskies,29,1,false,true,1599766-1000714-1320823-1907335-956049,3,3,1497.0,1624.0,05:03,02:56,127.0,3,3,0,1,2,1,2,0,0,1,1,0,0,1,1,0,1,3,1,2,0,1,1,0,0,1,1,1,02:07,1,2,0.5,,1.0,3.4,2.33,2.865,0.8824,1.2876,-0.4052,true
2178468-105633-8,8,2178468,10,33535,2023-02-05 19:25:58.000000 UTC,105633,UConn,Huskies,29,1,false,true,1599766-1000714-1320823-1907335-1599768,3,3,1624.0,1695.0,02:56,01:45,71.0,0,6,-6,0,2,0,2,0,0,0,0,0,0,1,0,1,2,2,2,2,0,0,2,2,0,0,1,0,01:11,1,1,0.0,,,1.93,2.8,2.365,0.0,2.1429,-2.1429,false
2178468-105633-9,9,2178468,11,33535,2023-02-05 19:25:58.000000 UTC,105633,UConn,Huskies,29,1,false,true,1599766-1000714-1320823-1599768-956049,3,3,1695.0,1725.0,01:45,01:15,30.0,3,0,3,1,1,1,1,0,0,1,1,0,0,0,0,0,0,1,0,1,0,0,0,0,0,0,0,1,00:30,0,1,1.0,,1.0,1.4,-0.070000000000000062,0.665,2.1429,0.0,2.1429,false
2178468-105633-10,10,2178468,12,33535,2023-02-05 19:25:58.000000 UTC,105633,UConn,Huskies,29,1,false,true,1599766-1000714-1320823-1907335-956049,3,3,1725.0,1800.0,01:15,00:00,75.0,2,2,0,1,3,1,2,0,1,0,0,1,0,0,1,2,1,2,1,2,0,0,0,1,0,0,0,0,01:15,3,0,0.5,0.0,,0.85999999999999988,2.0,1.43,2.3256,1.0,1.3256,false
2178468-105633-11,11,2178468,12,33535,2023-02-05 19:25:58.000000 UTC,105633,UConn,Huskies,29,1,false,true,1599766-1000714-1320823-1907335-956049,4,4,1800.0,1990.0,10:00,06:50,190.0,5,8,-3,2,3,2,3,0,0,1,1,1,0,2,1,0,2,4,0,0,2,4,2,2,0,0,1,1,03:10,1,2,0.6667,,1.0,5.4,3.7299999999999995,4.565,0.9259,2.1448,-1.2188,true
2178468-105633-12,12,2178468,13,33535,2023-02-05 19:25:58.000000 UTC,105633,UConn,Huskies,29,1,false,true,1599766-1000714-1320823-1599768-956049,4,4,1990.0,2365.3,06:50,00:34,375.3,17,16,1,7,10,7,9,0,1,3,6,2,0,1,3,2,4,10,3,8,1,2,8,2,1,0,2,4,06:15,5,6,0.7778,0.0,0.5,11.795,10.53142857142857,11.1632,1.4413,1.5193,-0.078,true
2178468-105633-13,13,2178468,14,33535,2023-02-05 19:25:58.000000 UTC,105633,UConn,Huskies,29,1,false,true,1000714-1320823-1907335-1599768-956049,4,4,2365.3,2378.6,00:34,00:21,13.3,2,1,1,0,0,0,0,0,0,2,2,0,0,0,0,0,0,0,0,0,0,0,2,0,0,0,0,0,00:13,0,0,,,1.0,0.8,0.8,0.8,2.5,1.25,1.25,false
2178468-105633-14,14,2178468,15,33535,2023-02-05 19:25:58.000000 UTC,105633,UConn,Huskies,29,1,false,true,1907334-1320823-1907335-1599768-956049,4,4,2378.6,2382.2,00:21,00:17,3.6,0,1,-1,0,0,0,0,0,0,0,0,0,0,0,0,0,0,0,0,0,0,0,2,0,0,0,0,1,00:04,0,1,,,,0.0,0.8,0.4,,1.25,,false
2178468-105633-15,15,2178468,16,33535,2023-02-05 19:25:58.000000 UTC,105633,UConn,Huskies,29,1,false,true,1907334-1320823-1599768-1715050-956049,4,4,2382.2,2400.0,00:17,00:00,17.8,3,2,1,1,2,1,2,0,0,1,1,0,0,0,1,0,0,0,0,0,0,0,4,0,0,0,1,0,00:18,1,1,0.5,,1.0,2.4,1.6,2.0,1.25,1.25,0.0,false
2181086-104915-1,1,2181086,3,33535,2023-02-26 19:08:08.000000 UTC,104915,Georgia,Bulldogs,89,1,false,true,1319701-964900-958200-1319704-964902,1,1,0.0,128.0,10:00,07:52,128.0,2,2,0,1,3,1,3,0,0,0,0,0,0,1,3,0,1,4,1,4,0,0,0,0,0,0,2,0,02:08,3,2,0.3333,,,4.0,4.0,4.0,0.5,0.5,0.0,true
2181086-104915-2,2,2181086,4,33535,2023-02-26 19:08:08.000000 UTC,104915,Georgia,Bulldogs,89,1,false,true,1319701-964900-958200-1319709-964902,1,1,128.0,289.0,07:52,05:11,161.0,6,9,-3,3,4,3,4,0,0,0,0,1,0,0,1,0,4,6,3,4,1,2,0,2,0,0,1,1,02:41,1,2,0.75,,,4.0,4.93,4.465,1.5,1.8256,-0.3256,true
2181086-104915-3,3,2181086,5,33535,2023-02-26 19:08:08.000000 UTC,104915,Georgia,Bulldogs,89,1,false,true,1319701-964900-958200-1319709-951675,1,1,289.0,303.0,05:11,04:57,14.0,2,0,2,0,0,0,0,0,0,2,2,0,0,0,0,0,0,0,0,0,0,0,0,0,0,0,0,0,00:14,0,0,,,1.0,0.8,0.0,0.4,2.5,,,false
2181086-104915-4,4,2181086,6,33535,2023-02-26 19:08:08.000000 UTC,104915,Georgia,Bulldogs,89,1,false,true,1389455-1319701-958200-1319709-951675,1,1,303.0,398.0,04:57,03:22,95.0,5,3,2,2,2,1,1,1,1,0,0,0,1,1,1,0,0,0,0,0,0,0,6,0,1,1,0,0,01:35,1,0,1.0,1.0,,3.0,3.4000000000000004,3.2,1.6667,0.8824,0.7843,true
2181086-104915-5,5,2181086,7,33535,2023-02-26 19:08:08.000000 UTC,104915,Georgia,Bulldogs,89,1,false,true,1389455-1319701-964900-1319709-951675,1,1,398.0,482.0,03:22,01:58,84.0,4,2,2,1,2,1,2,0,0,2,2,1,0,1,2,0,1,3,1,3,0,0,0,1,0,0,1,0,01:24,2,1,0.5,,1.0,3.8,3.0,3.4,1.0526,0.6667,0.386,true
2181086-104915-6,6,2181086,8,33535,2023-02-26 19:08:08.000000 UTC,104915,Georgia,Bulldogs,89,1,false,true,1389455-964900-958200-1319709-951675,1,1,482.0,553.2,01:58,00:46,71.199999999999989,0,4,-4,0,2,0,2,0,0,0,0,0,0,0,1,0,2,3,2,3,0,0,0,2,0,0,2,0,01:11,1,2,0.0,,,2.0,3.0,2.5,0.0,1.3333,-1.3333,true
2181086-104915-7,7,2181086,9,33535,2023-02-26 19:08:08.000000 UTC,104915,Georgia,Bulldogs,89,1,false,true,1389455-964900-958200-1896732-951675,1,1,553.2,600.0,00:46,00:00,46.8,0,2,-2,0,2,0,1,0,1,0,0,0,0,0,0,0,1,1,1,1,0,0,0,1,0,0,1,0,00:47,0,1,0.0,0.0,,2.0,1.0,1.5,0.0,2.0,-2.0,false
2181086-104915-8,8,2181086,10,33535,2023-02-26 19:08:08.000000 UTC,104915,Georgia,Bulldogs,89,1,false,true,1389455-964900-958200-951675-964902,2,2,600.0,672.0,10:00,08:48,72.0,4,0,4,1,1,1,1,0,0,2,3,0,0,0,1,0,0,2,0,1,0,1,0,0,0,0,1,1,01:12,1,2,1.0,,0.6667,2.2,0.92999999999999994,1.565,1.8182,0.0,1.8182,false
2181086-104915-9,9,2181086,11,33535,2023-02-26 19:08:08.000000 UTC,104915,Georgia,Bulldogs,89,1,false,true,1389455-964900-958200-1319709-951675,2,2,672.0,788.0,08:48,06:52,116.0,0,1,-1,0,1,0,1,0,0,0,0,0,2,3,0,0,0,1,0,1,0,0,2,0,4,1,1,1,01:56,0,2,0.0,,,4.0,4.73,4.365,0.0,0.2114,-0.2114,true
2181086-104915-10,10,2181086,12,33535,2023-02-26 19:08:08.000000 UTC,104915,Georgia,Bulldogs,89,1,false,true,1389455-1319701-964900-958200-1319709,2,2,788.0,891.0,06:52,05:09,103.0,2,4,-2,1,3,1,3,0,0,0,0,0,0,1,1,0,2,4,2,3,0,1,0,0,0,1,2,1,01:43,1,3,0.3333,,,4.0,2.9299999999999997,3.465,0.5,1.3652,-0.8652,true
2181086-104915-11,11,2181086,14,33535,2023-02-26 19:08:08.000000 UTC,104915,Georgia,Bulldogs,89,1,false,true,1389455-1686034-964900-1319709-1896732,2,2,891.0,995.0,05:09,03:25,104.0,0,0,0,0,2,0,2,0,0,0,0,0,0,2,1,1,0,1,0,1,0,0,0,0,1,1,1,0,01:44,2,1,0.0,,,2.9299999999999997,2.0,2.465,0.0,0.0,0.0,false
2181086-104915-12,12,2181086,15,33535,2023-02-26 19:08:08.000000 UTC,104915,Georgia,Bulldogs,89,1,false,true,1389455-1686034-964900-1319709-951675,2,2,995.0,1107.0,03:25,01:33,112.0,0,3,-3,0,1,0,1,0,0,0,0,0,0,1,0,0,1,3,1,2,0,1,2,1,0,1,1,2,01:52,0,3,0.0,,,2.0,1.6599999999999997,1.83,0.0,1.8072,-1.8072,false
2181086-104915-13,13,2181086,16,33535,2023-02-26 19:08:08.000000 UTC,104915,Georgia,Bulldogs,89,1,false,true,1389455-964900-958200-1319709-951675,2,2,1107.0,1200.0,01:33,00:00,93.0,2,3,-1,0,2,0,1,0,1,2,2,0,0,0,0,0,1,2,0,0,1,2,0,1,2,0,1,0,01:33,0,1,0.0,0.0,1.0,2.8,4.0,3.4,0.7143,0.75,-0.0357,true
2181086-104915-14,14,2181086,17,33535,2023-02-26 19:08:08.000000 UTC,104915,Georgia,Bulldogs,89,1,false,true,1319701-964900-958200-1319704-964902,3,3,1200.0,1266.0,10:00,08:54,66.0,0,0,0,0,2,0,2,0,0,0,0,0,0,0,1,0,0,2,0,1,0,1,0,0,0,0,2,1,01:06,1,3,0.0,,,2.0,0.92999999999999994,1.465,0.0,0.0,0.0,false
2181086-104915-15,15,2181086,18,33535,2023-02-26 19:08:08.000000 UTC,104915,Georgia,Bulldogs,89,1,false,true,1389455-964900-958200-1319709-964902,3,3,1266.0,1448.0,08:54,05:52,182.0,4,7,-3,2,7,2,7,0,0,0,0,0,0,1,1,1,2,2,2,2,0,0,4,1,1,0,2,0,03:02,2,2,0.2857,,,6.2166666666666668,4.6,5.4083,0.6434,1.5217,-0.8783,true
2181086-104915-16,16,2181086,19,33535,2023-02-26 19:08:08.000000 UTC,104915,Georgia,Bulldogs,89,1,false,true,1389455-964900-958200-1319709-951675,3,3,1448.0,1518.0,05:52,04:42,70.0,4,4,0,1,3,1,3,0,0,2,2,0,2,0,0,0,1,2,1,2,0,0,2,1,2,0,2,1,01:10,0,3,0.3333,,1.0,3.8,3.7299999999999995,3.765,1.0526,1.0724,-0.0198,true
2181086-104915-17,17,2181086,20,33535,2023-02-26 19:08:08.000000 UTC,104915,Georgia,Bulldogs,89,1,false,true,1389455-964900-958200-1319709-1896732,3,3,1518.0,1618.0,04:42,03:02,100.0,2,6,-4,1,2,1,2,0,0,0,0,0,1,1,0,0,2,2,2,2,0,0,2,2,1,1,1,0,01:40,0,1,0.5,,,3.0,3.8,3.4,0.6667,1.5789,-0.9123,true
2181086-104915-18,18,2181086,21,33535,2023-02-26 19:08:08.000000 UTC,104915,Georgia,Bulldogs,89,1,false,true,1389455-964900-958200-1319709-951675,3,3,1618.0,1722.0,03:02,01:18,104.0,5,4,1,2,3,2,3,0,0,1,1,1,0,0,2,0,2,3,2,3,0,0,3,1,0,0,1,1,01:44,2,2,0.6667,,1.0,3.4,3.8433333333333337,3.6217,1.4706,1.0408,0.4298,true
2181086-104915-19,19,2181086,22,33535,2023-02-26 19:08:08.000000 UTC,104915,Georgia,Bulldogs,89,1,false,true,1389455-964900-958200-1896732-951675,3,3,1722.0,1770.9,01:18,00:29,48.900000000000006,2,1,1,1,1,1,1,0,0,0,0,1,0,0,0,0,0,2,0,2,0,0,1,0,0,0,0,2,00:49,0,2,1.0,,,1.0,0.25999999999999979,0.63,2.0,3.8462,-1.8462,false
2181086-104915-20,20,2181086,23,33535,2023-02-26 19:08:08.000000 UTC,104915,Georgia,Bulldogs,89,1,false,true,1389455-964900-958200-1319709-1896732,3,3,1770.9,1800.0,00:29,00:00,29.099999999999994,2,0,2,0,0,0,0,0,0,2,2,0,0,0,1,0,0,0,0,0,0,0,2,0,0,0,0,0,00:29,1,0,,,1.0,0.8,0.8,0.8,2.5,0.0,2.5,false
2181086-104915-21,21,2181086,23,33535,2023-02-26 19:08:08.000000 UTC,104915,Georgia,Bulldogs,89,1,false,true,1389455-964900-958200-1319709-1896732,4,4,1800.0,1879.0,10:00,08:41,79.0,2,2,0,1,2,1,2,0,0,0,0,1,0,0,0,0,1,2,1,2,0,0,0,0,0,0,1,1,01:19,0,2,0.5,,,2.0,0.92999999999999994,1.465,1.0,2.1505,-1.1505,false
2181086-104915-22,22,2181086,24,33535,2023-02-26 19:08:08.000000 UTC,104915,Georgia,Bulldogs,89,1,false,true,1389455-964900-958200-1319709-951675,4,4,1879.0,1913.0,08:41,08:07,34.0,0,4,-4,0,1,0,1,0,0,0,0,0,0,0,1,0,2,3,2,2,0,1,1,1,0,0,1,1,00:34,1,2,0.0,,,1.0,2.8649999999999998,1.9325,0.0,1.3962,-1.3962,false
2181086-104915-23,23,2181086,25,33535,2023-02-26 19:08:08.000000 UTC,104915,Georgia,Bulldogs,89,1,false,true,1319701-964900-958200-1319709-951675,4,4,1913.0,2110.0,08:07,04:50,196.0,7,2,5,2,4,2,3,0,1,3,3,1,1,0,1,0,1,5,1,4,0,1,0,1,2,0,2,3,03:16,1,5,0.6667,0.0,1.0,5.2,3.79,4.495,1.3462,0.5277,0.8184,true
2181086-104915-24,24,2181086,26,33535,2023-02-26 19:08:08.000000 UTC,104915,Georgia,Bulldogs,89,1,false,true,1319701-964900-958200-951675-964902,4,4,2110.0,2120.0,04:50,04:40,10.0,0,0,0,0,0,0,0,0,0,0,0,0,0,0,0,0,0,0,0,0,0,0,0,0,0,0,0,0,00:10,0,0,,,,0.0,0.0,0.0,,,,false
2181086-104915-25,25,2181086,27,33535,2023-02-26 19:08:08.000000 UTC,104915,Georgia,Bulldogs,89,1,false,true,1319701-964900-958200-1319709-964902,4,4,2120.0,2400.0,04:40,00:00,280.0,8,8,0,3,8,3,8,0,0,2,2,3,0,0,4,1,2,8,2,4,0,4,4,1,0,0,3,2,04:40,5,5,0.375,,1.0,7.4625,7.4599999999999991,7.4612,1.072,1.0724,-0.0004,true
2181086-105491-1,1,2181086,3,33535,2023-02-26 19:08:08.000000 UTC,105491,South Carolina,Gamecocks,89,1,false,true,1321390-951661-1321392-957639-1321388,1,1,0.0,262.0,10:00,05:38,262.0,11,8,3,5,9,4,7,1,2,0,0,2,0,0,3,1,4,7,4,7,0,0,0,1,1,0,3,0,04:22,4,3,0.5714,0.5,,7.93,8.0,7.965,1.3871,1.0,0.3871,true
2181086-105491-2,2,2181086,4,33535,2023-02-26 19:08:08.000000 UTC,105491,South Carolina,Gamecocks,89,1,false,true,1321390-951661-1321392-1321394-1321388,1,1,262.0,398.0,05:38,03:22,136.0,2,7,-5,0,1,0,1,0,0,2,4,0,1,1,0,0,2,2,1,1,1,1,2,0,1,1,2,0,02:16,0,2,0.0,,0.5,3.6,3.8,3.7,0.5556,1.8421,-1.2865,true
2181086-105491-3,3,2181086,5,33535,2023-02-26 19:08:08.000000 UTC,105491,South Carolina,Gamecocks,89,1,false,true,951661-1321392-1321394-1321388-1615279,1,1,398.0,482.0,03:22,01:58,84.0,3,2,1,1,3,1,3,0,0,1,2,1,0,0,1,0,1,2,1,2,0,0,0,1,1,0,2,0,01:24,1,2,0.3333,,0.5,3.8,3.0,3.4,0.7895,0.6667,0.1228,true
2181086-105491-4,4,2181086,6,33535,2023-02-26 19:08:08.000000 UTC,105491,South Carolina,Gamecocks,89,1,false,true,1689294-1321392-1321394-1321388-1615279,1,1,482.0,553.2,01:58,00:46,71.2,4,2,2,2,3,2,3,0,0,0,0,2,0,0,2,0,0,2,0,2,0,0,2,0,0,0,1,0,01:11,2,1,0.6667,,,3.0,2.8,2.9,1.3333,0.7143,0.619,true
2181086-105491-5,5,2181086,7,33535,2023-02-26 19:08:08.000000 UTC,105491,South Carolina,Gamecocks,89,1,false,true,1689294-1321390-957639-1321394-1615279,1,1,553.2,600.0,00:46,00:00,46.8,2,0,2,1,1,1,1,0,0,0,0,1,0,0,1,0,0,2,0,1,0,1,0,0,0,0,0,0,00:47,1,0,1.0,,,1.0,2.0,1.5,2.0,0.0,2.0,false
2181086-105491-6,6,2181086,7,33535,2023-02-26 19:08:08.000000 UTC,105491,South Carolina,Gamecocks,89,1,false,true,1689294-1321390-957639-1321394-1615279,2,2,600.0,645.0,10:00,09:15,45.0,0,2,-2,0,1,0,1,0,0,0,0,0,0,0,1,0,1,1,1,1,0,0,1,0,0,0,1,0,00:45,1,1,0.0,,,1.0,1.4,1.2,0.0,1.4286,-1.4286,false
2181086-105491-7,7,2181086,8,33535,2023-02-26 19:08:08.000000 UTC,105491,South Carolina,Gamecocks,89,1,false,true,1689294-1321390-957639-1321394-1321388,2,2,645.0,763.0,09:15,07:17,118.0,1,2,-1,0,1,0,0,0,1,1,2,0,1,3,1,1,0,1,0,1,0,0,2,0,3,1,0,0,01:58,2,0,,0.0,0.5,3.73,4.8,4.265,0.2681,0.4167,-0.1486,true
2181086-105491-8,8,2181086,9,33535,2023-02-26 19:08:08.000000 UTC,105491,South Carolina,Gamecocks,89,1,false,true,1689294-1321390-1689293-957639-1321388,2,2,763.0,891.0,07:17,05:09,128.0,4,2,2,2,5,2,4,0,1,0,0,0,1,1,2,2,1,3,1,3,0,0,0,0,1,1,1,0,02:08,4,1,0.5,0.0,,3.86,4.0,3.93,1.0363,0.5,0.5363,true
2181086-105491-9,9,2181086,10,33535,2023-02-26 19:08:08.000000 UTC,105491,South Carolina,Gamecocks,89,1,false,true,1689294-1321390-1321392-1913006-1321388,2,2,891.0,1133.0,05:09,01:07,242.0,5,0,5,1,5,1,3,0,2,3,4,1,2,2,2,2,0,3,0,3,0,0,0,0,3,0,1,1,04:02,4,2,0.3333,0.0,0.75,5.7466666666666661,4.93,5.3383,0.8701,0.0,0.8701,true
2181086-105491-10,10,2181086,11,33535,2023-02-26 19:08:08.000000 UTC,105491,South Carolina,Gamecocks,89,1,false,true,1689294-1321390-1321392-1913006-1321394,2,2,1133.0,1200.0,01:07,00:00,67.0,3,2,1,1,1,0,0,1,1,0,0,1,0,1,1,0,0,2,0,1,0,1,2,0,0,0,0,0,01:07,1,0,,1.0,,2.0,2.8,2.4,1.5,0.7143,0.7857,false
2181086-105491-11,11,2181086,12,33535,2023-02-26 19:08:08.000000 UTC,105491,South Carolina,Gamecocks,89,1,false,true,1321390-951661-1321392-957639-1321388,3,3,1200.0,1360.0,10:00,07:20,160.0,5,2,3,1,3,1,2,0,1,3,4,0,0,0,3,1,1,6,1,6,0,0,0,0,1,0,2,0,02:40,4,2,0.5,0.0,0.75,3.8866666666666663,7.0,5.4433,1.2864,0.2857,1.0007,true
2181086-105491-12,12,2181086,13,33535,2023-02-26 19:08:08.000000 UTC,105491,South Carolina,Gamecocks,89,1,false,true,1321390-951661-1321392-957639-1615279,3,3,1360.0,1567.0,07:20,03:53,207.0,6,8,-2,2,3,2,3,0,0,2,2,2,0,4,3,1,3,7,3,7,0,0,2,0,0,3,0,1,03:27,4,1,0.6667,,1.0,6.7299999999999995,6.7299999999999995,6.73,0.8915,1.1887,-0.2972,true
2181086-105491-13,13,2181086,14,33535,2023-02-26 19:08:08.000000 UTC,105491,South Carolina,Gamecocks,89,1,false,true,1321390-951661-1321392-1321394-1615279,3,3,1567.0,1618.0,03:53,03:02,51.0,6,0,6,2,2,2,2,0,0,2,2,2,1,0,1,0,0,1,0,1,0,0,0,0,1,0,0,0,00:51,1,0,1.0,,1.0,2.8,2.0,2.4,2.1429,0.0,2.1429,false
2181086-105491-14,14,2181086,15,33535,2023-02-26 19:08:08.000000 UTC,105491,South Carolina,Gamecocks,89,1,false,true,1689294-1321390-1321392-1321394-1615279,3,3,1618.0,1722.0,03:02,01:18,104.0,4,5,-1,2,3,2,3,0,0,0,3,1,0,0,1,1,2,3,2,3,0,0,1,1,0,0,2,0,01:44,2,2,0.6667,,0.0,3.8433333333333337,3.4,3.6217,1.0408,1.4706,-0.4298,true
2181086-105491-15,15,2181086,16,33535,2023-02-26 19:08:08.000000 UTC,105491,South Carolina,Gamecocks,89,1,false,true,1689294-1689293-1321392-1321394-1615279,3,3,1722.0,1800.0,01:18,00:00,78.0,1,4,-3,0,2,0,2,0,0,1,3,0,0,0,0,2,1,1,1,1,0,0,2,1,0,0,1,0,01:18,2,1,0.0,,0.3333,1.7733333333333334,1.8,1.7867,0.5639,2.2222,-1.6583,false
2181086-105491-16,16,2181086,17,33535,2023-02-26 19:08:08.000000 UTC,105491,South Carolina,Gamecocks,89,1,false,true,1689294-1689293-1321392-1321388-1615279,4,4,1800.0,1913.0,10:00,08:07,113.0,6,2,4,3,5,3,4,0,1,0,1,1,0,0,2,2,1,3,1,3,0,0,0,1,0,0,1,0,01:53,4,1,0.75,0.0,0.0,3.9733333333333336,3.0,3.4867,1.5101,0.6667,0.8434,true
2181086-105491-17,17,2181086,18,33535,2023-02-26 19:08:08.000000 UTC,105491,South Carolina,Gamecocks,89,1,false,true,1689294-1321390-1689293-1321388-1615279,4,4,1913.0,2005.0,08:07,06:35,92.0,0,2,-2,0,1,0,1,0,0,0,0,0,0,2,1,1,0,1,0,1,0,0,2,0,0,1,0,0,01:32,2,0,0.0,,,1.93,1.8,1.865,0.0,1.1111,-1.1111,false
2181086-105491-18,18,2181086,19,33535,2023-02-26 19:08:08.000000 UTC,105491,South Carolina,Gamecocks,89,1,false,true,1689294-1321390-1321392-1321388-1615279,4,4,2005.0,2055.0,06:35,05:45,50.0,0,2,-2,0,1,0,0,0,1,0,0,0,0,0,0,1,1,1,1,1,0,0,0,1,0,0,0,0,00:50,1,0,,0.0,,-0.070000000000000062,1.0,0.465,0.0,2.0,-2.0,false
2181086-105491-19,19,2181086,20,33535,2023-02-26 19:08:08.000000 UTC,105491,South Carolina,Gamecocks,89,1,false,true,1321390-951661-1321392-1321388-1615279,4,4,2055.0,2109.0,05:45,04:51,54.0,2,2,0,1,3,1,3,0,0,0,0,1,0,0,1,1,1,2,1,1,0,1,0,0,0,0,1,0,00:54,2,1,0.3333,,,1.93,2.0,1.965,1.0363,1.0,0.0363,false
2181086-105491-20,20,2181086,21,33535,2023-02-26 19:08:08.000000 UTC,105491,South Carolina,Gamecocks,89,1,false,true,1321390-951661-1321392-957639-1321388,4,4,2110.0,2248.0,04:51,02:32,138.0,6,5,1,2,4,2,3,0,1,2,2,1,0,0,1,1,1,2,1,2,0,0,3,1,0,0,1,0,02:18,2,1,0.6667,0.0,1.0,3.7299999999999995,3.2,3.465,1.6086,1.5625,0.0461,true
2181086-105491-21,21,2181086,22,33535,2023-02-26 19:08:08.000000 UTC,105491,South Carolina,Gamecocks,89,1,false,true,1321390-951661-1321392-1321394-1321388,4,4,2248.0,2303.0,02:32,01:37,55.0,0,0,0,0,1,0,0,0,1,0,0,0,0,0,1,0,0,2,0,2,0,0,0,0,0,0,1,0,00:55,1,1,,0.0,,1.0,2.0,1.5,0.0,0.0,0.0,false
2181086-105491-22,22,2181086,23,33535,2023-02-26 19:08:08.000000 UTC,105491,South Carolina,Gamecocks,89,1,false,true,1321386-1321390-1321392-1321394-1321388,4,4,2303.0,2387.4,01:37,00:12,84.4,2,4,-2,0,3,0,1,0,2,2,2,0,0,0,0,1,2,3,2,3,0,0,0,2,0,0,2,1,01:24,1,3,0.0,0.0,1.0,2.7299999999999995,1.93,2.33,0.7326,2.0725,-1.3399,false
2181086-105491-23,23,2181086,24,33535,2023-02-26 19:08:08.000000 UTC,105491,South Carolina,Gamecocks,89,1,false,true,1321386-1689293-1976269-1689291-1321394,4,4,2387.4,2400.0,00:12,00:00,12.6,0,0,0,0,0,0,0,0,0,0,0,0,0,0,1,0,0,1,0,1,0,0,0,0,0,0,0,0,00:13,1,0,,,,0.0,1.0,0.5,,0.0,,false
2252723-105491-1,1,2252723,3,33535,2023-03-25 20:12:16.000000 UTC,105491,South Carolina,Gamecocks,89,1,false,true,1321390-951661-1321392-957639-1321388,1,1,0.0,404.0,10:00,03:16,404.0,12,5,7,5,13,4,10,1,3,1,2,3,1,0,5,4,2,8,1,4,1,4,0,2,2,0,4,0,06:44,9,4,0.4,0.3333,0.5,9.52,10.0,9.76,1.2605,0.5,0.7605,true
2252723-105491-2,2,2252723,4,33535,2023-03-25 20:12:16.000000 UTC,105491,South Carolina,Gamecocks,89,1,false,true,1689294-1689293-1321392-1321388-1615279,1,1,404.0,582.6,03:16,00:17,178.6,2,2,0,1,6,1,2,0,4,0,0,0,1,0,2,2,1,3,1,2,0,1,0,1,1,0,3,0,02:59,4,3,0.5,0.0,,3.86,4.0,3.93,0.5181,0.5,0.0181,true
2252723-105491-3,3,2252723,5,33535,2023-03-25 20:12:16.000000 UTC,105491,South Carolina,Gamecocks,89,1,false,true,1689294-1321390-1689293-1321394-1615279,1,1,582.6,600.0,00:17,00:00,17.4,0,1,-1,0,0,0,0,0,0,0,0,0,0,1,0,0,0,0,0,0,0,0,2,0,0,1,0,0,00:17,0,0,,,,1.0,0.8,0.9,0.0,1.25,-1.25,false
2252723-105491-4,4,2252723,5,33535,2023-03-25 20:12:16.000000 UTC,105491,South Carolina,Gamecocks,89,1,false,true,1689294-1321390-1689293-1321394-1615279,2,2,600.0,717.0,10:00,08:03,117.0,2,2,0,1,2,1,1,0,1,0,0,1,0,1,3,0,1,4,1,4,0,0,0,1,0,0,1,0,01:57,3,1,1.0,0.0,,3.0,4.0,3.5,0.6667,0.5,0.1667,true
2252723-105491-5,5,2252723,6,33535,2023-03-25 20:12:16.000000 UTC,105491,South Carolina,Gamecocks,89,1,false,true,1689294-1321390-1321392-1321394-1321388,2,2,717.0,757.0,08:03,07:23,40.0,0,0,0,0,0,0,0,0,0,0,0,0,0,1,0,0,0,0,0,0,0,0,0,0,1,0,0,0,00:40,0,0,,,,1.0,1.0,1.0,0.0,0.0,0.0,false
2252723-105491-6,6,2252723,7,33535,2023-03-25 20:12:16.000000 UTC,105491,South Carolina,Gamecocks,89,1,false,true,1689294-1321390-1321392-1321388-1615279,2,2,757.0,894.0,07:23,05:06,137.0,2,0,2,1,4,1,3,0,1,0,0,1,0,1,3,1,0,3,0,0,0,3,0,0,0,0,2,0,02:17,4,2,0.3333,0.0,,3.9299999999999997,3.0,3.465,0.5089,0.0,0.5089,true
2252723-105491-7,7,2252723,8,33535,2023-03-25 20:12:16.000000 UTC,105491,South Carolina,Gamecocks,89,1,false,true,1321390-951661-1321392-1321388-1615279,2,2,894.0,1107.0,05:06,01:33,213.0,7,3,4,3,6,2,5,1,1,0,1,3,0,1,2,1,1,3,1,3,0,0,2,0,3,1,3,0,03:33,3,3,0.4,1.0,0.0,6.5975,6.8,6.6988,1.061,0.4412,0.6198,true
2252723-105491-8,8,2252723,9,33535,2023-03-25 20:12:16.000000 UTC,105491,South Carolina,Gamecocks,89,1,false,true,1321390-951661-1321392-957639-1615279,2,2,1107.0,1142.8,01:33,00:57,35.8,0,0,0,0,1,0,1,0,0,0,0,0,1,0,0,0,0,0,0,0,0,0,0,0,1,0,1,0,00:36,0,1,0.0,,,1.0,1.0,1.0,0.0,0.0,0.0,false
2252723-105491-9,9,2252723,10,33535,2023-03-25 20:12:16.000000 UTC,105491,South Carolina,Gamecocks,89,1,false,true,951661-1321392-957639-1321394-1615279,2,2,1142.8,1200.0,00:57,00:00,57.2,0,2,-2,0,1,0,0,0,1,0,0,0,0,1,0,1,1,1,1,1,0,0,0,0,0,0,0,0,00:57,1,0,,0.0,,0.92999999999999994,1.0,0.965,0.0,2.0,-2.0,false
2252723-105491-10,10,2252723,11,33535,2023-03-25 20:12:16.000000 UTC,105491,South Carolina,Gamecocks,89,1,false,true,1321390-951661-1321392-957639-1321388,3,3,1200.0,1480.0,10:00,05:20,280.0,12,7,5,4,7,4,7,0,0,4,5,3,0,0,1,2,2,3,2,3,0,0,4,2,3,0,2,1,04:40,3,3,0.5714,,0.8,7.395,7.0649999999999995,7.23,1.6227,0.9908,0.6319,true
2252723-105491-11,11,2252723,12,33535,2023-03-25 20:12:16.000000 UTC,105491,South Carolina,Gamecocks,89,1,false,true,1321390-951661-1689293-957639-1615279,3,3,1480.0,1500.0,05:20,05:00,20.0,0,0,0,0,0,0,0,0,0,0,0,0,0,1,0,0,0,0,0,0,0,0,0,0,0,0,0,0,00:20,0,0,,,,1.0,0.0,0.5,0.0,,,false
2252723-105491-12,12,2252723,13,33535,2023-03-25 20:12:16.000000 UTC,105491,South Carolina,Gamecocks,89,1,false,true,1689294-1689293-1321392-957639-1615279,3,3,1500.0,1605.0,05:00,03:15,105.0,4,3,1,1,3,1,3,0,0,2,2,1,0,0,2,1,1,3,0,1,1,2,0,1,0,0,1,0,01:45,3,1,0.3333,,1.0,2.7299999999999995,3.0,2.865,1.4652,1.0,0.4652,true
2252723-105491-13,13,2252723,14,33535,2023-03-25 20:12:16.000000 UTC,105491,South Carolina,Gamecocks,89,1,false,true,1689294-1689293-957639-1321394-1615279,3,3,1605.0,1626.0,03:15,02:54,21.0,0,3,-3,0,0,0,0,0,0,0,0,0,0,0,0,0,1,1,0,0,1,1,0,1,0,0,0,0,00:21,0,0,,,,0.0,1.0,0.5,,3.0,,false
2252723-105491-14,14,2252723,15,33535,2023-03-25 20:12:16.000000 UTC,105491,South Carolina,Gamecocks,89,1,false,true,1689294-1689293-1321394-1321388-1615279,3,3,1626.0,1800.0,02:54,00:00,174.0,9,2,7,4,4,3,3,1,1,0,0,4,0,0,2,0,1,5,1,4,0,1,0,0,0,0,0,1,02:54,2,1,1.0,1.0,,4.0,3.5733333333333333,3.7867,2.25,0.5597,1.6903,true
2252723-105491-15,15,2252723,15,33535,2023-03-25 20:12:16.000000 UTC,105491,South Carolina,Gamecocks,89,1,false,true,1689294-1689293-1321394-1321388-1615279,4,4,1800.0,1937.0,10:00,07:43,137.0,0,0,0,0,4,0,3,0,1,0,0,0,0,1,4,1,0,6,0,3,0,3,0,0,0,0,3,2,02:17,5,5,0.0,0.0,,3.9299999999999997,3.86,3.895,0.0,0.0,0.0,true
2252723-105491-16,16,2252723,16,33535,2023-03-25 20:12:16.000000 UTC,105491,South Carolina,Gamecocks,89,1,false,true,1689294-1321390-957639-1321394-1321388,4,4,1937.0,1957.0,07:43,07:23,20.0,0,0,0,0,0,0,0,0,0,0,0,0,0,0,0,0,0,1,0,0,0,1,0,0,0,1,0,1,00:20,0,1,,,,0.0,-0.070000000000000062,-0.035,,0.0,,false
2252723-105491-17,17,2252723,17,33535,2023-03-25 20:12:16.000000 UTC,105491,South Carolina,Gamecocks,89,1,false,true,1321390-951661-957639-1321394-1321388,4,4,1957.0,2039.0,07:23,06:01,82.0,2,4,-2,1,3,1,3,0,0,0,0,0,0,0,1,1,1,2,1,1,0,1,2,1,0,0,1,0,01:22,2,1,0.3333,,,1.93,2.8,2.365,1.0363,1.4286,-0.3923,false
2252723-105491-18,18,2252723,18,33535,2023-03-25 20:12:16.000000 UTC,105491,South Carolina,Gamecocks,89,1,false,true,1321390-951661-1689293-957639-1321394,4,4,2039.0,2179.0,06:01,03:41,140.0,3,0,3,1,2,0,1,1,1,0,0,1,0,2,1,0,0,1,0,1,0,0,0,0,1,0,0,0,02:20,1,0,0.0,1.0,,4.0,2.0,3.0,0.75,0.0,0.75,true
2252723-105491-19,19,2252723,19,33535,2023-03-25 20:12:16.000000 UTC,105491,South Carolina,Gamecocks,89,1,false,true,951661-1689293-1913005-1913006-1321394,4,4,2179.0,2245.0,03:41,02:35,66.0,2,0,2,1,2,1,2,0,0,0,0,1,2,0,0,0,0,1,0,0,0,1,0,0,2,0,1,1,01:06,0,2,0.5,,,2.0,1.93,1.965,1.0,0.0,1.0,false
2252723-105491-20,20,2252723,20,33535,2023-03-25 20:12:16.000000 UTC,105491,South Carolina,Gamecocks,89,1,false,true,1321386-1913005-1976269-1689291-1913006,4,4,2245.0,2400.0,02:35,00:00,155.0,2,9,-7,1,5,1,3,0,2,0,2,1,0,0,1,1,3,6,3,6,0,0,3,1,1,0,4,2,02:35,2,6,0.3333,0.0,0.0,4.944,6.0600000000000005,5.502,0.4045,1.4851,-1.0806,true
2252723-105632-1,1,2252723,3,33535,2023-03-25 20:12:16.000000 UTC,105632,UCLA,Bruins,74,1,false,true,1320951-958626-1320952-1928812-1612047,1,1,0.0,166.0,10:00,07:14,166.0,3,4,-1,1,3,0,1,1,2,0,0,1,0,1,2,0,2,5,2,4,0,1,0,2,0,0,2,1,02:46,2,3,0.0,0.5,,4.0,3.9299999999999997,3.965,0.75,1.0178,-0.2678,true
2252723-105632-2,2,2252723,4,33535,2023-03-25 20:12:16.000000 UTC,105632,UCLA,Bruins,74,1,false,true,1928813-1320951-1928812-1928817-1612047,1,1,166.0,250.0,07:14,05:50,84.0,0,3,-3,0,1,0,0,0,1,0,0,0,0,1,1,0,1,2,0,0,1,2,0,1,0,1,1,0,01:24,1,1,,0.0,,2.0,2.0,2.0,0.0,1.5,-1.5,false
2252723-105632-3,3,2252723,5,33535,2023-03-25 20:12:16.000000 UTC,105632,UCLA,Bruins,74,1,false,true,1928813-1320951-958626-1928822-1928817,1,1,250.0,404.0,05:50,03:16,154.0,2,5,-3,1,4,1,3,0,1,0,0,1,0,0,1,0,2,6,2,6,0,0,2,0,0,0,2,3,02:34,1,5,0.3333,0.0,,4.0,3.59,3.795,0.5,1.3928,-0.8928,true
2252723-105632-4,4,2252723,6,33535,2023-03-25 20:12:16.000000 UTC,105632,UCLA,Bruins,74,1,false,true,1928813-958626-1320952-1928823-1928822,1,1,404.0,582.6,03:16,00:17,178.6,2,2,0,1,3,1,2,0,1,0,0,1,0,1,3,0,1,6,1,2,0,4,0,0,0,1,2,2,02:59,3,4,0.5,0.0,,4.0,3.86,3.93,0.5,0.5181,-0.0181,true
2252723-105632-5,5,2252723,8,33535,2023-03-25 20:12:16.000000 UTC,105632,UCLA,Bruins,74,1,false,true,1320951-958626-1320952-1928812-1928817,1,1,582.6,600.0,00:17,00:00,17.4,0,0,0,0,0,0,0,0,0,0,0,0,1,0,0,0,0,0,0,0,0,0,0,0,1,0,0,0,00:17,0,0,,,,0.0,1.0,0.5,,0.0,,false
2252723-105632-6,6,2252723,8,33535,2023-03-25 20:12:16.000000 UTC,105632,UCLA,Bruins,74,1,false,true,1320951-958626-1320952-1928812-1928817,2,2,600.0,717.0,10:00,08:03,117.0,2,2,0,1,4,1,4,0,0,0,0,1,0,0,1,0,1,2,1,1,0,1,0,1,1,0,3,0,01:57,1,3,0.25,,,4.0,3.0,3.5,0.5,0.6667,-0.1667,true
2252723-105632-7,7,2252723,9,33535,2023-03-25 20:12:16.000000 UTC,105632,UCLA,Bruins,74,1,false,true,1320951-958626-1928812-1320949-1928817,2,2,717.0,757.0,08:03,07:23,40.0,0,0,0,0,0,0,0,0,0,0,0,0,0,1,0,0,0,0,0,0,0,0,0,0,1,0,0,0,00:40,0,0,,,,1.0,1.0,1.0,0.0,0.0,0.0,false
2252723-105632-8,8,2252723,10,33535,2023-03-25 20:12:16.000000 UTC,105632,UCLA,Bruins,74,1,false,true,1320951-958626-1928812-1928822-1320949,2,2,757.0,798.0,07:23,06:42,41.0,0,2,-2,0,1,0,0,0,1,0,0,0,0,0,0,0,1,1,1,1,0,0,0,1,1,0,1,0,00:41,0,1,,0.0,,1.0,2.0,1.5,0.0,1.0,-1.0,false
2252723-105632-9,9,2252723,11,33535,2023-03-25 20:12:16.000000 UTC,105632,UCLA,Bruins,74,1,false,true,1320951-958626-1928812-1928822-1612047,2,2,798.0,894.0,06:42,05:06,96.0,0,0,0,0,2,0,0,0,2,0,0,0,0,0,2,0,0,3,0,2,0,1,0,0,0,0,2,1,01:36,2,3,,0.0,,2.0,1.93,1.965,0.0,0.0,0.0,false
2252723-105632-10,10,2252723,12,33535,2023-03-25 20:12:16.000000 UTC,105632,UCLA,Bruins,74,1,false,true,1928813-1320951-1320952-1928812-1928817,2,2,894.0,1002.0,05:06,03:18,108.0,3,4,-1,1,2,1,2,0,0,1,2,0,1,1,1,0,2,4,2,4,0,0,0,2,1,0,1,1,01:48,1,2,0.5,,0.5,3.8,3.9299999999999997,3.865,0.7895,1.0178,-0.2283,true
2252723-105632-11,11,2252723,13,33535,2023-03-25 20:12:16.000000 UTC,105632,UCLA,Bruins,74,1,false,true,1928813-1320951-1928812-1928822-1612047,2,2,1002.0,1022.0,03:18,02:58,20.0,0,0,0,0,1,0,1,0,0,0,0,0,0,0,1,0,0,0,0,0,0,0,1,0,0,0,1,0,00:20,1,1,0.0,,,1.0,0.4,0.7,0.0,0.0,0.0,false
2252723-105632-12,12,2252723,14,33535,2023-03-25 20:12:16.000000 UTC,105632,UCLA,Bruins,74,1,false,true,1928813-1320951-1320952-1928812-1928822,2,2,1022.0,1107.0,02:58,01:33,85.0,0,3,-3,0,0,0,0,0,0,0,0,0,0,2,1,0,1,2,0,1,1,1,0,1,0,0,0,0,01:25,1,0,,,,2.0,2.0,2.0,0.0,1.5,-1.5,false
2252723-105632-13,13,2252723,15,33535,2023-03-25 20:12:16.000000 UTC,105632,UCLA,Bruins,74,1,false,true,1320951-1320952-1928812-1928823-1928822,2,2,1107.0,1142.8,01:33,00:57,35.8,0,0,0,0,0,0,0,0,0,0,0,0,0,1,1,0,0,1,0,1,0,0,0,0,0,1,0,0,00:36,1,0,,,,1.0,1.0,1.0,0.0,0.0,0.0,false
2252723-105632-14,14,2252723,16,33535,2023-03-25 20:12:16.000000 UTC,105632,UCLA,Bruins,74,1,false,true,1320951-958626-1320952-1928823-1928822,2,2,1142.8,1200.0,00:57,00:00,57.199999999999989,2,0,2,1,1,1,1,0,0,0,0,0,0,0,0,0,0,1,0,0,0,1,0,0,1,0,0,1,00:57,0,1,1.0,,,1.0,0.92999999999999994,0.965,2.0,0.0,2.0,false
2252723-105632-15,15,2252723,17,33535,2023-03-25 20:12:16.000000 UTC,105632,UCLA,Bruins,74,1,false,true,1320951-958626-1320952-1928812-1928817,3,3,1200.0,1304.0,10:00,08:16,104.0,2,2,0,1,1,1,1,0,0,0,0,1,0,1,1,0,0,2,0,2,0,0,2,0,0,0,0,1,01:44,1,1,1.0,,,2.0,1.7299999999999998,1.865,1.0,1.1561,-0.1561,false
2252723-105632-16,16,2252723,18,33535,2023-03-25 20:12:16.000000 UTC,105632,UCLA,Bruins,74,1,false,true,1320951-1320952-1928812-1928823-1928817,3,3,1304.0,1350.0,08:16,07:30,46.0,1,2,-1,0,0,0,0,0,0,1,2,0,0,0,0,0,1,2,1,2,0,0,0,1,0,0,1,1,00:46,0,2,,,0.5,0.8,0.92999999999999994,0.865,1.25,2.1505,-0.9005,false
2252723-105632-17,17,2252723,19,33535,2023-03-25 20:12:16.000000 UTC,105632,UCLA,Bruins,74,1,false,true,1320951-1320952-1928812-1928823-1928822,3,3,1350.0,1352.0,07:30,07:28,2.0,0,0,0,0,0,0,0,0,0,0,0,0,0,0,0,0,0,0,0,0,0,0,0,0,0,0,0,0,00:02,0,0,,,,0.0,0.0,0.0,,,,false
2252723-105632-18,18,2252723,20,33535,2023-03-25 20:12:16.000000 UTC,105632,UCLA,Bruins,74,1,false,true,1928813-1320951-1320952-1928823-1928822,3,3,1352.0,1380.0,07:28,07:00,28.0,0,1,-1,0,1,0,1,0,0,0,0,0,0,1,1,1,0,0,0,0,0,0,2,0,0,0,0,0,00:28,2,0,0.0,,,0.92999999999999994,0.8,0.865,0.0,1.25,-1.25,false
2252723-105632-19,19,2252723,21,33535,2023-03-25 20:12:16.000000 UTC,105632,UCLA,Bruins,74,1,false,true,1928813-1320951-1928823-1928822-1612047,3,3,1380.0,1405.0,07:00,06:35,25.0,0,2,-2,0,0,0,0,0,0,0,0,0,0,0,0,0,1,1,1,1,0,0,0,1,0,0,0,0,00:25,0,0,,,,0.0,1.0,0.5,,2.0,,false
2252723-105632-20,20,2252723,22,33535,2023-03-25 20:12:16.000000 UTC,105632,UCLA,Bruins,74,1,false,true,1928813-1320951-958626-1928822-1612047,3,3,1405.0,1480.0,06:35,05:20,75.0,4,5,-1,1,1,1,1,0,0,2,2,1,0,1,0,0,2,2,2,2,0,0,1,1,0,0,0,0,01:15,0,0,1.0,,1.0,2.8,2.4,2.6,1.4286,2.0833,-0.6548,true
2252723-105632-21,21,2252723,23,33535,2023-03-25 20:12:16.000000 UTC,105632,UCLA,Bruins,74,1,false,true,1320951-958626-1928812-1928822-1612047,3,3,1480.0,1582.0,05:20,03:38,102.0,3,2,1,1,3,0,1,1,2,0,0,1,0,0,1,0,1,2,1,2,0,0,0,1,1,0,2,0,01:42,1,2,0.0,0.5,,3.0,3.0,3.0,1.0,0.6667,0.3333,true
2252723-105632-22,22,2252723,24,33535,2023-03-25 20:12:16.000000 UTC,105632,UCLA,Bruins,74,1,false,true,1320951-958626-1320952-1928812-1928817,3,3,1582.0,1605.0,03:38,03:15,23.0,0,0,0,0,0,0,0,0,0,0,0,0,0,0,0,0,0,1,0,1,0,0,0,0,0,0,0,1,00:23,0,1,,,,0.0,-0.070000000000000062,-0.035,,0.0,,false
2252723-105632-23,23,2252723,25,33535,2023-03-25 20:12:16.000000 UTC,105632,UCLA,Bruins,74,1,false,true,1320951-958626-1320952-1928812-1612047,3,3,1605.0,1718.0,03:15,01:22,113.0,5,7,-2,2,4,1,2,1,2,0,0,1,0,0,0,1,2,2,1,1,1,1,2,2,0,0,1,0,01:53,1,1,0.5,0.5,,2.9299999999999997,2.8,2.865,1.7065,2.5,-0.7935,true
2252723-105632-24,24,2252723,26,33535,2023-03-25 20:12:16.000000 UTC,105632,UCLA,Bruins,74,1,false,true,1320951-958626-1320952-1928812-1928822,3,3,1718.0,1800.0,01:22,00:00,82.0,0,4,-4,0,2,0,2,0,0,0,0,0,0,0,0,0,2,2,2,2,0,0,0,2,0,0,1,0,01:22,0,1,0.0,,,2.0,2.0,2.0,0.0,2.0,-2.0,false
2252723-105632-25,25,2252723,28,33535,2023-03-25 20:12:16.000000 UTC,105632,UCLA,Bruins,74,1,false,true,1928813-1320951-1928823-1928817-1612047,4,4,1800.0,1893.0,10:00,08:27,93.0,0,0,0,0,5,0,2,0,3,0,0,0,0,0,2,2,0,2,0,1,0,1,0,0,0,0,3,0,01:33,4,3,0.0,0.0,,2.86,2.0,2.43,0.0,0.0,0.0,false
2252723-105632-26,26,2252723,29,33535,2023-03-25 20:12:16.000000 UTC,105632,UCLA,Bruins,74,1,false,true,1928813-958626-1320952-1928823-1320949,4,4,1893.0,1937.0,08:27,07:43,44.0,0,0,0,0,1,0,1,0,0,0,0,0,0,0,1,0,0,2,0,2,0,0,0,0,1,0,1,1,00:44,1,2,0.0,,,1.0,1.93,1.465,0.0,0.0,0.0,false
2252723-105632-27,27,2252723,30,33535,2023-03-25 20:12:16.000000 UTC,105632,UCLA,Bruins,74,1,false,true,1928813-1320952-1928812-1928823-1320949,4,4,1937.0,2039.0,07:43,06:01,102.0,4,2,2,1,3,1,1,0,2,2,2,1,1,0,1,1,1,3,1,3,0,0,0,0,0,0,1,1,01:42,2,2,1.0,0.0,1.0,2.7299999999999995,1.93,2.33,1.4652,1.0363,0.4289,false
2252723-105632-28,28,2252723,31,33535,2023-03-25 20:12:16.000000 UTC,105632,UCLA,Bruins,74,1,false,true,1928813-1320951-1320952-1928812-1320949,4,4,2039.0,2110.0,06:01,04:50,71.0,0,0,0,0,1,0,1,0,0,0,0,0,0,0,0,0,0,1,0,1,0,0,0,0,2,0,1,0,01:11,0,1,0.0,,,1.0,3.0,2.0,0.0,0.0,0.0,false
2252723-105632-29,29,2252723,32,33535,2023-03-25 20:12:16.000000 UTC,105632,UCLA,Bruins,74,1,false,true,1320951-958626-1928812-1320949-1612047,4,4,2110.0,2138.0,04:50,04:22,28.0,0,0,0,0,0,0,0,0,0,0,0,0,0,1,0,0,0,0,0,0,0,0,0,0,0,0,0,0,00:28,0,0,,,,1.0,0.0,0.5,0.0,,,false
2252723-105632-30,30,2252723,33,33535,2023-03-25 20:12:16.000000 UTC,105632,UCLA,Bruins,74,1,false,true,1320951-958626-1320952-1928812-1612047,4,4,2138.0,2179.0,04:22,03:41,41.0,0,3,-3,0,0,0,0,0,0,0,0,0,0,0,0,0,1,1,0,0,1,1,0,1,0,0,0,0,00:41,0,0,,,,0.0,1.0,0.5,,3.0,,false
2252723-105632-31,31,2252723,34,33535,2023-03-25 20:12:16.000000 UTC,105632,UCLA,Bruins,74,1,false,true,1928813-1320951-958626-1320952-1612047,4,4,2179.0,2245.0,03:41,02:35,66.0,0,2,-2,0,1,0,0,0,1,0,0,0,0,2,1,1,1,2,1,2,0,0,0,1,0,2,0,0,01:06,2,0,,0.0,,1.93,2.0,1.965,0.0,1.0,-1.0,false
2252723-105632-32,32,2252723,35,33535,2023-03-25 20:12:16.000000 UTC,105632,UCLA,Bruins,74,1,false,true,1928813-1320951-958626-1320952-1320949,4,4,2245.0,2272.0,02:35,02:08,27.0,4,0,4,1,2,1,2,0,0,2,2,0,0,0,1,1,0,1,0,0,0,1,0,0,0,0,0,0,00:27,2,0,0.5,,1.0,1.7299999999999998,1.0,1.365,2.3121,0.0,2.3121,false
2252723-105632-33,33,2252723,36,33535,2023-03-25 20:12:16.000000 UTC,105632,UCLA,Bruins,74,1,false,true,1928813-958626-1320952-1928823-1320949,4,4,2272.0,2400.0,02:08,00:00,128.00000000000003,5,2,3,2,4,2,4,0,0,1,1,1,0,1,3,1,1,4,1,3,0,1,2,1,0,0,1,1,02:08,4,2,0.5,,1.0,4.33,3.9974999999999996,4.1638,1.1547,0.5003,0.6544,true
2252730-105131-1,1,2252730,3,33535,2023-03-28 01:10:07.000000 UTC,105131,Maryland,Terrapins,73,1,false,true,973585-1185828-1724264-1319635-1319634,1,1,0.0,82.0,10:00,08:38,82.0,4,2,2,2,2,2,2,0,0,0,0,0,0,0,0,0,1,3,1,2,0,1,0,1,0,0,0,2,01:22,0,2,1.0,,,2.0,0.85999999999999988,1.43,2.0,2.3256,-0.3256,false
2252730-105131-2,2,2252730,4,33535,2023-03-28 01:10:07.000000 UTC,105131,Maryland,Terrapins,73,1,false,true,1185828-1724264-1319635-979339-1319634,1,1,82.0,90.0,08:38,08:30,8.0,0,0,0,0,0,0,0,0,0,0,0,0,0,0,0,0,0,0,0,0,0,0,0,0,0,0,0,0,00:08,0,0,,,,0.0,0.0,0.0,,,,false
2252730-105131-3,3,2252730,5,33535,2023-03-28 01:10:07.000000 UTC,105131,Maryland,Terrapins,73,1,false,true,1185828-1317350-1724264-1319635-1319634,1,1,90.0,179.0,08:30,07:01,89.0,1,4,-3,0,3,0,3,0,0,1,2,0,0,0,1,0,2,3,2,3,0,0,0,0,1,0,3,0,01:29,1,3,0.0,,0.5,3.8,4.0,3.9,0.2632,1.0,-0.7368,true
2252730-105131-4,4,2252730,6,33535,2023-03-28 01:10:07.000000 UTC,105131,Maryland,Terrapins,73,1,false,true,1916217-1185828-1317350-1724264-1319634,1,1,179.0,226.0,07:01,06:14,47.0,0,2,-2,0,2,0,1,0,1,0,0,0,0,0,0,1,1,1,1,1,0,0,0,1,0,0,1,0,00:47,1,1,0.0,0.0,,0.92999999999999994,1.0,0.965,0.0,2.0,-2.0,false
2252730-105131-5,5,2252730,7,33535,2023-03-28 01:10:07.000000 UTC,105131,Maryland,Terrapins,73,1,false,true,973585-1916217-1185828-1317350-1319634,1,1,226.0,414.0,06:14,03:06,188.0,9,5,4,4,4,3,3,1,1,0,0,4,2,1,1,0,2,5,1,4,1,1,0,1,2,1,0,2,03:08,1,2,1.0,1.0,,5.0,4.8599999999999994,4.93,1.8,1.0288,0.7712,true
2252730-105131-6,6,2252730,8,33535,2023-03-28 01:10:07.000000 UTC,105131,Maryland,Terrapins,73,1,false,true,973585-1916217-1317350-1319635-1319634,1,1,414.0,490.0,03:06,01:50,76.0,5,2,3,1,3,0,2,1,1,2,2,0,0,0,1,1,0,1,0,0,0,1,2,0,1,0,0,0,01:16,2,0,0.0,1.0,1.0,1.6599999999999997,2.8,2.23,3.012,0.7143,2.2978,false
2252730-105131-7,7,2252730,9,33535,2023-03-28 01:10:07.000000 UTC,105131,Maryland,Terrapins,73,1,false,true,973585-1185828-1317350-1319635-1319634,1,1,490.0,587.2,01:50,00:12,97.200000000000017,0,0,0,0,0,0,0,0,0,0,0,0,0,3,2,0,0,3,0,3,0,0,0,0,1,1,0,1,01:37,2,1,,,,3.0,2.9299999999999997,2.965,0.0,0.0,0.0,true
2252730-105131-8,8,2252730,10,33535,2023-03-28 01:10:07.000000 UTC,105131,Maryland,Terrapins,73,1,false,true,973585-1916217-1185828-1317350-1319634,1,1,587.2,600.0,00:12,00:00,12.8,2,0,2,0,0,0,0,0,0,2,2,0,0,0,1,0,0,2,0,2,0,0,0,0,0,0,0,1,00:13,1,1,,,1.0,0.8,0.92999999999999994,0.865,2.5,0.0,2.5,false
2252730-105131-9,9,2252730,11,33535,2023-03-28 01:10:07.000000 UTC,105131,Maryland,Terrapins,73,1,false,true,1916217-1185828-1317350-1724264-979339,2,2,600.0,614.0,10:00,09:46,14.0,0,0,0,0,0,0,0,0,0,0,0,0,0,0,0,0,0,0,0,0,0,0,0,0,0,0,0,0,00:14,0,0,,,,0.0,0.0,0.0,,,,false
2252730-105131-10,10,2252730,12,33535,2023-03-28 01:10:07.000000 UTC,105131,Maryland,Terrapins,73,1,false,true,1916217-1185828-1724264-979339-1319634,2,2,614.0,615.0,09:46,09:45,1.0,0,0,0,0,0,0,0,0,0,0,2,0,0,0,0,0,0,0,0,0,0,0,0,0,0,0,1,0,00:01,0,1,,,0.0,0.8,0.0,0.4,0.0,,,false
2252730-105131-11,11,2252730,13,33535,2023-03-28 01:10:07.000000 UTC,105131,Maryland,Terrapins,73,1,false,true,1185828-1724264-1319635-979339-1319634,2,2,615.0,659.0,09:45,09:01,44.0,0,4,-4,0,0,0,0,0,0,0,0,0,0,2,0,0,2,2,2,2,0,0,0,1,0,0,0,0,00:44,0,0,,,,2.0,2.0,2.0,0.0,2.0,-2.0,false
2252730-105131-12,12,2252730,14,33535,2023-03-28 01:10:07.000000 UTC,105131,Maryland,Terrapins,73,1,false,true,973585-1185828-1319635-979339-1319634,2,2,659.0,685.0,09:01,08:35,26.0,0,0,0,0,0,0,0,0,0,0,0,0,0,0,0,0,0,1,0,1,0,0,0,0,0,0,0,1,00:26,0,1,,,,0.0,-0.070000000000000062,-0.035,,0.0,,false
2252730-105131-13,13,2252730,15,33535,2023-03-28 01:10:07.000000 UTC,105131,Maryland,Terrapins,73,1,false,true,973585-1185828-1317350-979339-1319634,2,2,685.0,746.0,08:35,07:34,61.0,2,1,1,1,2,1,2,0,0,0,0,1,1,0,0,0,0,1,0,1,0,0,4,0,1,0,1,2,01:01,0,3,0.5,,,2.0,2.5300000000000002,2.265,1.0,0.3953,0.6047,false
2252730-105131-14,14,2252730,16,33535,2023-03-28 01:10:07.000000 UTC,105131,Maryland,Terrapins,73,1,false,true,973585-1916217-1185828-1317350-1319634,2,2,746.0,857.0,07:34,05:43,111.0,0,1,-1,0,1,0,1,0,0,0,0,0,0,1,2,0,0,2,0,2,0,0,2,0,0,0,1,1,01:51,2,2,0.0,,,2.0,2.0866666666666664,2.0433,0.0,0.4792,-0.4792,false
2252730-105131-15,15,2252730,17,33535,2023-03-28 01:10:07.000000 UTC,105131,Maryland,Terrapins,73,1,false,true,973585-1916217-1185828-1317350-979339,2,2,857.0,909.0,05:43,04:51,52.0,0,3,-3,0,1,0,1,0,0,0,0,0,0,0,1,0,1,2,1,1,0,1,2,1,0,0,1,1,00:52,1,2,0.0,,,1.0,2.2649999999999997,1.6325,0.0,1.3245,-1.3245,false
2252730-105131-16,16,2252730,18,33535,2023-03-28 01:10:07.000000 UTC,105131,Maryland,Terrapins,73,1,false,true,973585-1916214-1185828-1317350-979339,2,2,909.0,1071.0,04:51,02:09,162.0,5,8,-3,2,3,1,2,1,1,0,0,1,0,1,0,0,3,4,2,3,1,1,2,3,0,1,1,2,02:42,0,3,0.5,1.0,,4.0,3.7299999999999995,3.865,1.25,2.1448,-0.8948,true
2252730-105131-17,17,2252730,19,33535,2023-03-28 01:10:07.000000 UTC,105131,Maryland,Terrapins,73,1,false,true,973585-1916214-1916217-1185828-1317350,2,2,1071.0,1200.0,02:09,00:00,128.99999999999997,2,6,-4,1,4,1,4,0,0,0,2,0,0,0,0,2,1,2,1,2,0,0,4,1,0,0,2,1,02:09,2,3,0.25,,0.0,3.195,2.5300000000000002,2.8625,0.626,2.3715,-1.7456,true
2252730-105131-18,18,2252730,20,33535,2023-03-28 01:10:07.000000 UTC,105131,Maryland,Terrapins,73,1,false,true,973585-1185828-1724264-1319635-1319634,3,3,1200.0,1324.0,10:00,07:56,124.0,2,4,-2,1,4,1,4,0,0,0,0,1,0,1,2,1,2,5,2,5,0,0,0,1,1,0,2,1,02:04,3,3,0.25,,,3.9299999999999997,4.93,4.43,0.5089,0.8114,-0.3025,true
2252730-105131-19,19,2252730,21,33535,2023-03-28 01:10:07.000000 UTC,105131,Maryland,Terrapins,73,1,false,true,1185828-1724264-1319635-979339-1319634,3,3,1324.0,1422.0,07:56,06:18,98.0,4,4,0,2,2,2,2,0,0,0,0,2,0,2,1,0,2,4,2,3,0,1,0,1,0,0,0,1,01:38,1,1,1.0,,,4.0,2.9299999999999997,3.465,1.0,1.3652,-0.3652,true
2252730-105131-20,20,2252730,22,33535,2023-03-28 01:10:07.000000 UTC,105131,Maryland,Terrapins,73,1,false,true,1185828-1317350-1724264-1319635-979339,3,3,1422.0,1435.0,06:18,06:05,13.0,0,0,0,0,0,0,0,0,0,0,0,0,0,0,0,0,0,0,0,0,0,0,0,0,0,0,0,0,00:13,0,0,,,,0.0,0.0,0.0,,,,false
2252730-105131-21,21,2252730,23,33535,2023-03-28 01:10:07.000000 UTC,105131,Maryland,Terrapins,73,1,false,true,973585-1317350-1724264-1319635-979339,3,3,1435.0,1654.0,06:05,02:26,219.0,9,10,-1,3,5,2,3,1,2,2,2,2,0,0,3,0,4,7,2,4,2,3,1,3,0,0,2,1,03:39,3,3,0.6667,0.5,1.0,5.8,6.5975,6.1988,1.5517,1.5157,0.036,true
2252730-105131-22,22,2252730,24,33535,2023-03-28 01:10:07.000000 UTC,105131,Maryland,Terrapins,73,1,false,true,1317350-1724264-1319635-979339-1319634,3,3,1654.0,1800.0,02:26,00:00,146.0,5,6,-1,2,5,1,3,1,2,0,0,2,1,0,0,1,2,5,2,4,0,1,2,0,1,0,2,2,02:26,1,4,0.3333,0.5,,3.9299999999999997,3.59,3.76,1.2723,1.6713,-0.399,true
2252730-105131-23,23,2252730,25,33535,2023-03-28 01:10:07.000000 UTC,105131,Maryland,Terrapins,73,1,false,true,1185828-1317350-1724264-1319635-1319634,4,4,1800.0,1963.0,10:00,07:17,163.0,7,9,-2,3,6,3,6,0,0,1,1,0,0,0,0,1,4,5,3,4,1,1,0,2,0,0,2,1,02:43,1,3,0.5,,1.0,5.33,3.9299999999999997,4.63,1.3133,2.2901,-0.9768,true
2252730-105131-24,24,2252730,26,33535,2023-03-28 01:10:07.000000 UTC,105131,Maryland,Terrapins,73,1,false,true,1317350-1724264-1319635-979339-1319634,4,4,1963.0,2140.0,07:17,04:20,177.0,6,8,-2,2,3,2,2,0,1,2,2,0,0,1,1,0,3,4,2,3,1,1,2,1,1,1,1,1,02:57,1,2,1.0,0.0,1.0,4.8,5.265,5.0325,1.25,1.5195,-0.2695,true
2252730-105131-25,25,2252730,27,33535,2023-03-28 01:10:07.000000 UTC,105131,Maryland,Terrapins,73,1,false,true,1916214-1317350-1724264-1319635-979339,4,4,2140.0,2331.0,04:20,01:09,191.0,9,7,2,4,7,3,3,1,4,0,0,1,2,0,2,0,2,6,2,5,0,1,5,2,3,0,3,3,03:11,2,6,1.0,0.25,,7.0,8.432,7.716,1.2857,0.8302,0.4555,true
2252730-105131-26,26,2252730,28,33535,2023-03-28 01:10:07.000000 UTC,105131,Maryland,Terrapins,73,1,false,true,973585-1916214-1317350-1724264-979339,4,4,2331.0,2373.9,01:09,00:26,42.9,3,0,3,1,1,0,0,1,1,0,0,1,1,0,1,0,0,2,0,0,0,2,0,0,1,0,0,1,00:43,1,1,,1.0,,1.0,1.93,1.465,3.0,0.0,3.0,false
2252730-105131-27,27,2252730,29,33535,2023-03-28 01:10:07.000000 UTC,105131,Maryland,Terrapins,73,1,false,true,1916214-1916222-1317350-1724264-979339,4,4,2373.9,2400.0,00:26,00:00,26.1,0,0,0,0,0,0,0,0,0,0,0,0,0,1,0,0,0,0,0,0,0,0,0,0,0,0,0,0,00:26,0,0,,,,1.0,0.0,0.5,0.0,,,false
2252730-105491-1,1,2252730,3,33535,2023-03-28 01:10:07.000000 UTC,105491,South Carolina,Gamecocks,89,1,false,true,1321390-951661-1321392-957639-1321388,1,1,0.0,414.0,10:00,03:06,414.0,13,14,-1,6,12,5,10,1,2,0,0,3,1,3,4,4,6,11,5,9,1,2,2,4,1,2,2,1,06:54,8,3,0.5,0.5,,10.719999999999999,11.73,11.225,1.2127,1.1935,0.0192,true
2252730-105491-2,2,2252730,4,33535,2023-03-28 01:10:07.000000 UTC,105491,South Carolina,Gamecocks,89,1,false,true,1689294-1321390-1689293-1321394-1615279,1,1,414.0,600.0,03:06,00:00,186.0,2,7,-5,0,6,0,5,0,1,2,2,0,1,2,0,2,1,3,0,2,1,1,4,0,3,0,4,1,03:06,2,5,0.0,0.0,1.0,6.66,5.4599999999999991,6.06,0.3003,1.2821,-0.9818,true
2252730-105491-3,3,2252730,5,33535,2023-03-28 01:10:07.000000 UTC,105491,South Carolina,Gamecocks,89,1,false,true,1689294-951661-1321392-1321394-1321388,2,2,600.0,635.0,10:00,09:25,35.0,2,0,2,1,1,1,1,0,0,0,0,0,0,0,1,0,0,0,0,0,0,0,2,0,1,0,0,0,00:35,1,0,1.0,,,1.0,1.8,1.4,2.0,0.0,2.0,false
2252730-105491-4,4,2252730,6,33535,2023-03-28 01:10:07.000000 UTC,105491,South Carolina,Gamecocks,89,1,false,true,1689294-951661-1321392-957639-1321388,2,2,635.0,857.0,09:25,05:43,222.0,4,2,2,1,5,1,5,0,0,2,6,1,0,1,2,4,1,3,1,3,0,0,0,1,2,1,2,0,03:42,6,2,0.2,,0.3333,5.5466666666666669,5.0,5.2733,0.7212,0.4,0.3212,true
2252730-105491-5,5,2252730,7,33535,2023-03-28 01:10:07.000000 UTC,105491,South Carolina,Gamecocks,89,1,false,true,1689294-1321390-1321392-957639-1321388,2,2,857.0,1200.0,05:43,00:00,343.0,17,7,10,5,8,4,6,1,2,6,8,5,1,0,4,4,3,8,2,7,1,1,2,1,1,0,1,2,05:43,8,3,0.6667,0.5,0.75,8.6319999999999979,8.0166666666666675,8.3243,1.9694,0.8732,1.0962,true
2252730-105491-6,6,2252730,8,33535,2023-03-28 01:10:07.000000 UTC,105491,South Carolina,Gamecocks,89,1,false,true,1321390-951661-1321392-957639-1321388,3,3,1200.0,1506.0,10:00,04:54,306.0,10,8,2,5,11,5,9,0,2,0,0,2,0,1,2,2,3,6,3,6,0,0,2,3,3,0,4,1,05:06,4,5,0.5556,0.0,,9.86,8.73,9.295,1.0142,0.9164,0.0978,true
2252730-105491-7,7,2252730,9,33535,2023-03-28 01:10:07.000000 UTC,105491,South Carolina,Gamecocks,89,1,false,true,1689294-1321390-1321392-1321388-1615279,3,3,1506.0,1654.0,04:54,02:26,148.0,8,7,1,3,5,1,3,2,2,0,1,3,0,0,2,1,3,5,2,3,1,2,0,2,0,0,2,0,02:28,3,2,0.3333,1.0,0.0,4.6866666666666674,5.0,4.8433,1.707,1.4,0.307,true
2252730-105491-8,8,2252730,10,33535,2023-03-28 01:10:07.000000 UTC,105491,South Carolina,Gamecocks,89,1,false,true,1689294-1321390-1689293-1321388-1615279,3,3,1654.0,1800.0,02:26,00:00,146.0,6,5,1,2,5,2,4,0,1,2,2,0,0,1,2,2,2,5,1,3,1,2,0,2,0,1,0,1,02:26,4,1,0.5,0.0,1.0,3.59,3.9299999999999997,3.76,1.6713,1.2723,0.399,true
2252730-105491-9,9,2252730,11,33535,2023-03-28 01:10:07.000000 UTC,105491,South Carolina,Gamecocks,89,1,false,true,1689294-1689293-1321392-1321388-1615279,4,4,1800.0,2109.0,10:00,04:51,309.0,15,13,2,6,8,4,6,2,2,1,2,3,0,1,3,2,5,9,5,8,0,1,3,0,0,0,1,1,05:09,5,2,0.6667,1.0,0.5,8.3733333333333348,9.129999999999999,8.7517,1.7914,1.4239,0.3675,true
2252730-105491-10,10,2252730,12,33535,2023-03-28 01:10:07.000000 UTC,105491,South Carolina,Gamecocks,89,1,false,true,1321390-1689293-1321392-1321388-1615279,4,4,2109.0,2140.0,04:51,04:20,31.0,2,0,2,1,1,1,1,0,0,0,0,0,1,0,0,0,0,0,0,0,0,0,0,0,1,0,0,0,00:31,0,0,1.0,,,1.0,1.0,1.0,2.0,0.0,2.0,false
2252730-105491-11,11,2252730,13,33535,2023-03-28 01:10:07.000000 UTC,105491,South Carolina,Gamecocks,89,1,false,true,1321390-1689293-1321392-1321394-1615279,4,4,2140.0,2224.0,04:20,02:56,84.0,5,4,1,2,2,2,2,0,0,1,2,2,0,1,1,0,2,3,2,2,0,1,0,1,0,1,0,0,01:24,1,0,1.0,,0.5,3.8,3.0,3.4,1.3158,1.3333,-0.0175,true
2252730-105491-12,12,2252730,14,33535,2023-03-28 01:10:07.000000 UTC,105491,South Carolina,Gamecocks,89,1,false,true,1689294-1321390-1321392-1321394-1615279,4,4,2224.0,2237.0,02:56,02:43,13.0,2,0,2,0,0,0,0,0,0,2,3,0,0,2,1,1,0,1,0,0,0,1,0,0,0,1,0,0,00:13,2,0,,,0.6667,3.2,1.0,2.1,0.625,0.0,0.625,false
2252730-105491-13,13,2252730,15,33535,2023-03-28 01:10:07.000000 UTC,105491,South Carolina,Gamecocks,89,1,false,true,1689294-1321390-957639-1321394-1615279,4,4,2237.0,2331.0,02:43,01:09,94.0,0,5,-5,0,4,0,3,0,1,0,0,0,0,0,1,2,2,3,1,1,1,2,0,0,0,0,2,0,01:34,3,2,0.0,0.0,,1.8599999999999999,3.0,2.43,0.0,1.6667,-1.6667,false
2252730-105491-14,14,2252730,16,33535,2023-03-28 01:10:07.000000 UTC,105491,South Carolina,Gamecocks,89,1,false,true,1321386-1913005-1976269-1689291-1913006,4,4,2331.0,2400.0,01:09,00:00,69.0,0,3,-3,0,2,0,0,0,2,0,0,0,0,1,0,1,1,1,0,0,1,1,0,1,1,1,1,0,01:09,1,1,,0.0,,1.93,2.0,1.965,0.0,1.5,-1.5,false